CREATE TABLE IF NOT EXISTS `ylmf_city_cityclass` (
  `id` int(15) NOT NULL auto_increment,
  `name` char(20) default NULL,
  `keywords` varchar(200) NOT NULL,
  `description` varchar(200) NOT NULL,
  `displayorder` int(11) NOT NULL default '100',
  `sitenum` int(11) NOT NULL default '0',
  `path` varchar(255) NOT NULL,
  `template` varchar(50) NOT NULL,
  PRIMARY KEY  (`id`)
) ENGINE=MyISAM  DEFAULT CHARSET=gbk AUTO_INCREMENT=11 ;

INSERT INTO `ylmf_city_cityclass` (`id`, `name`, `keywords`, `description`, `displayorder`, `sitenum`, `path`, `template`) VALUES
(1, '上海', '', '', 2, 0, 'shanghai', ''),
(3, '广州', '', '', 3, 0, 'guagnzhou', ''),
(5, '深圳', '', '', 4, 0, 'shenzhen', ''),
(10, '北京', '', '', 1, 0, 'beijing', '');

CREATE TABLE IF NOT EXISTS `ylmf_city_coolclass` (
  `id` int(15) NOT NULL auto_increment,
  `name` char(20) default NULL,
  `keywords` varchar(200) NOT NULL,
  `description` varchar(200) NOT NULL,
  `displayorder` int(11) NOT NULL default '100',
  `sitenum` int(11) NOT NULL default '0',
  `path` varchar(255) NOT NULL,
  `template` varchar(50) NOT NULL,
  PRIMARY KEY  (`id`)
) ENGINE=MyISAM  DEFAULT CHARSET=gbk AUTO_INCREMENT=17 ;

INSERT INTO `ylmf_city_coolclass` (`id`, `name`, `keywords`, `description`, `displayorder`, `sitenum`, `path`, `template`) VALUES
(1, '新闻', '', '', 1, 0, '', ''),
(2, '论坛', '', '', 2, 0, '', ''),
(3, '电视', '', '', 3, 0, '', ''),
(4, '美食', '', '', 4, 0, '', ''),
(6, '购物', '', '', 5, 0, '', ''),
(10, '银行', '', '', 7, 0, '', ''),
(9, '医院', '', '', 6, 0, '', ''),
(11, '政府', '', '', 13, 0, '', ''),
(12, '工作', '', '', 8, 0, '', ''),
(13, '学校', '', '', 9, 0, '', ''),
(14, '交通', '', '', 10, 0, '', ''),
(15, '旅游', '', '', 11, 0, '', ''),
(16, '区县', '', '', 12, 0, '', '');

CREATE TABLE IF NOT EXISTS `ylmf_city_coolsite` (
  `id` int(11) NOT NULL auto_increment,
  `name` char(255) NOT NULL default '',
  `url` text NOT NULL,
  `cityclass_id` int(11) NOT NULL default '0',
  `coolclass_id` int(11) NOT NULL,
  `displayorder` int(11) NOT NULL default '100',
  `starttime` int(10) NOT NULL,
  `endtime` int(10) NOT NULL,
  `namecolor` char(7) NOT NULL,
  `remark` text NOT NULL,
  PRIMARY KEY  (`id`),
  KEY `class` (`cityclass_id`)
) ENGINE=MyISAM  DEFAULT CHARSET=gbk AUTO_INCREMENT=267 ;

INSERT INTO `ylmf_city_coolsite` (`id`, `name`, `url`, `cityclass_id`, `coolclass_id`, `displayorder`, `starttime`, `endtime`, `namecolor`, `remark`) VALUES
(8, '东方网新闻', 'http://sh.eastday.com/', 1, 1, 3, 0, 0, '', ''),
(6, '上海新闻网', 'http://www.sh.chinanews.com.cn/', 1, 1, 1, 0, 0, '', ''),
(7, '政府新闻办公室', 'http://www.shio.gov.cn/', 1, 1, 2, 0, 0, '', ''),
(9, '新浪上海新闻', 'http://sh.sina.com.cn/news/', 1, 1, 4, 0, 0, '', ''),
(10, '新华网上海', 'http://www.sh.xinhuanet.com/', 1, 1, 5, 0, 0, '', ''),
(11, '上海热线论坛', 'http://bbs.online.sh.cn/', 1, 2, 1, 0, 0, '', ''),
(12, '宽带山社区', 'http://club.pchome.net/forum_1_15.html', 1, 2, 2, 0, 0, '', ''),
(13, '酷爱上海论坛', 'http://bbs.kooaoo.com/', 1, 2, 3, 0, 0, '', ''),
(14, '南汇生活论坛', 'http://bbs.52life.cc/', 1, 2, 4, 0, 0, '', ''),
(15, '茸城热线', 'http://www.sj.net.cn/', 1, 2, 5, 0, 0, '', ''),
(16, '上海电视台', 'http://www.smg.cn/', 1, 3, 1, 0, 0, '', ''),
(17, '东方卫士', 'http://www.dragontv.cn/', 1, 3, 2, 0, 0, '', ''),
(18, '上海网络电视台', 'http://www.bbtv.cn/', 1, 3, 3, 0, 0, '', ''),
(19, '教育电视台', 'http://www.setv.sh.cn/', 1, 3, 4, 0, 0, '', ''),
(20, 'Sitv互动电视', 'http://www.sitv.com.cn/', 1, 3, 5, 0, 0, '', ''),
(21, '口碑网', 'http://shanghai.koubei.com/cate', 1, 4, 1, 0, 0, '', ''),
(22, '阿邦美食', 'http://shanghaimeishi.abang.com/', 1, 4, 2, 0, 0, '', ''),
(23, '饭统网', 'http://shanghai.fantong.com/', 1, 4, 3, 0, 0, '', ''),
(24, '大众点评网', 'http://www.dianping.com/shanghai/food', 1, 4, 4, 0, 0, '', ''),
(25, 'POCO上海美食', 'http://sh.food.poco.cn/', 1, 4, 5, 0, 0, '', ''),
(26, '一号店', 'http://p.yiqifa.com/c?s=9786eaf0&w=148326&c=139&i=802&l=0&e=d&t=http://www.yihaodian.com/product/index.do', 1, 6, 1, 0, 0, '', ''),
(27, '东方CJ', 'http://www.ocj.com.cn/', 1, 6, 2, 0, 0, '', ''),
(28, '拉手网', 'http://www.lashou.com/guangzhou', 1, 6, 3, 0, 0, '', ''),
(29, '京东网上商城', 'http://p.yiqifa.com/c?s=dc1c5515&w=148281&c=4509&i=5862&l=0&e=mz&t=http://www.360buy.com', 1, 6, 4, 0, 0, '', ''),
(30, '中粮我买网', 'http://www.womai.com/', 1, 6, 5, 0, 0, '', ''),
(31, '虹桥医院', 'http://www.hqhospital.cn/', 1, 9, 1, 0, 0, '', ''),
(32, '华山医院', 'http://www.huashan.org.cn/', 1, 9, 2, 0, 0, '', ''),
(33, '仁济医院', 'http://www.renji.com/', 1, 9, 3, 0, 0, '', ''),
(34, '上海市儿童医院', 'http://www.shchildren.com.cn/', 1, 9, 4, 0, 0, '', ''),
(35, '上海中山医院', 'http://www.zs-hospital.sh.cn/', 1, 9, 5, 0, 0, '', ''),
(36, '上海银行', 'http://www.bankofshanghai.com/', 1, 10, 1, 0, 0, '', ''),
(37, '上海浦发银行', 'http://www.spdb.com.cn/', 1, 10, 2, 0, 0, '', ''),
(38, '上海农商银行', 'http://www.srcb.com/', 1, 10, 3, 0, 0, '', ''),
(39, '建设银行', 'http://www.ccb.com/', 1, 10, 4, 0, 0, '', ''),
(40, '招商银行', 'http://www.cmbchina.com/', 1, 10, 5, 0, 0, '', ''),
(41, '上海政府官网', 'http://www.shanghai.gov.cn/', 1, 11, 1, 0, 0, '', ''),
(42, '市公安局', 'http://www.police.sh.cn/', 1, 11, 2, 0, 0, '', ''),
(43, '市政协', 'http://shszx.eastday.com/', 1, 11, 3, 0, 0, '', ''),
(44, '市民政局', 'http://mzj.sh.gov.cn/', 1, 11, 4, 0, 0, '', ''),
(45, '市财政局', 'http://www.csj.sh.gov.cn/gb/csj/index.html', 1, 11, 5, 0, 0, '', ''),
(46, '上海旅游网', 'http://www.shanghaitour.net/', 1, 15, 1, 0, 0, '', ''),
(47, '网上世博会', 'http://www.expo.cn/', 1, 15, 2, 0, 0, '', ''),
(48, '上海博物馆', 'http://www.shanghaimuseum.net/', 1, 15, 3, 0, 0, '', ''),
(49, '上海体育场', 'http://www.ssc.sh.cn/', 1, 15, 4, 0, 0, '', ''),
(50, '上海科技馆', 'http://www.sstm.org.cn/', 1, 15, 5, 0, 0, '', ''),
(51, '上海地铁', 'http://www.shmetro.com/', 1, 14, 1, 0, 0, '', ''),
(52, '上海公交', 'http://www.shanghaibus.net/', 1, 14, 2, 0, 0, '', ''),
(53, '上海机场', 'http://www.shanghaiairport.com/', 1, 14, 3, 0, 0, '', ''),
(54, '上海火车站', 'http://www.shhcz.com.cn/', 1, 14, 4, 0, 0, '', ''),
(55, '长途汽车南站', 'http://www.ctnz.net/', 1, 14, 5, 0, 0, '', ''),
(56, '复旦大学', 'http://www.fudan.edu.cn/', 1, 13, 1, 0, 0, '', ''),
(57, '同济大学', 'http://www.tongji.edu.cn/', 1, 13, 2, 0, 0, '', ''),
(58, '上海交通大学', 'http://www.sjtu.edu.cn/', 1, 13, 3, 0, 0, '', ''),
(59, '华东理工大学', 'http://www.ecust.edu.cn/', 1, 13, 4, 0, 0, '', ''),
(60, '上海财经大学', 'http://www.shufe.edu.cn/', 1, 13, 5, 0, 0, '', ''),
(61, '大上海人才网', 'http://www.dshrc.com/', 1, 12, 1, 0, 0, '', ''),
(62, '上海人才热线', 'http://www.shanghairc.com/', 1, 12, 2, 0, 0, '', ''),
(63, '上海招聘网', 'http://www.shjob.cn/', 1, 12, 3, 0, 0, '', ''),
(64, '申才网', 'http://www.sc.sh.cn/', 1, 12, 4, 0, 0, '', ''),
(65, '上海就业网', 'http://www.sh91.com/', 1, 12, 5, 0, 0, '', ''),
(66, '卢湾区', 'http://www.luwan.sh.cn/', 1, 16, 1, 0, 0, '', ''),
(67, '黄浦区', 'http://www.shhp.gov.cn/shhp_1/Chinese/', 1, 16, 2, 0, 0, '', ''),
(68, '静安区', 'http://www.jingan.gov.cn/', 1, 16, 3, 0, 0, '', ''),
(69, '徐汇区', 'http://www.xh.sh.cn/', 1, 16, 4, 0, 0, '', ''),
(70, '虹口区', 'http://hkq.sh.gov.cn/', 1, 16, 5, 0, 0, '', ''),
(71, '广州新闻', 'http://news.gd.sina.com.cn/guangzhou/', 3, 1, 3, 0, 0, '', ''),
(72, '广州新闻中心', 'http://www.gznews.gov.cn/', 3, 1, 1, 0, 0, '', ''),
(73, '广州日报', 'http://news.dayoo.com/guangzhou/', 3, 1, 2, 0, 0, '', ''),
(74, '南方网新闻', 'http://www.southcn.com/news/dishi/guangzhou/', 3, 1, 4, 0, 0, '', ''),
(75, '视窗新闻', 'http://news.gznet.com/', 3, 1, 5, 0, 0, '', ''),
(76, '酷广州论坛', 'http://www.kugz.net/', 3, 2, 1, 0, 0, '', ''),
(77, '番禺社区', 'http://www.py168.com/', 3, 2, 2, 0, 0, '', ''),
(78, '花都论坛', 'http://www.hdbbs.net/', 3, 2, 3, 0, 0, '', ''),
(79, '广州社区', 'http://club.gznet.com/', 3, 2, 4, 0, 0, '', ''),
(80, '天河论坛', 'http://www.mytianhe.com/', 3, 2, 5, 0, 0, '', ''),
(81, '广视网', 'http://www.gztv.com/', 3, 3, 1, 0, 0, '', ''),
(82, '珠江频道', 'http://www.gdtv.com.cn/newpage/dabenying/zjpd2/index.asp', 3, 3, 2, 0, 0, '', ''),
(83, '广东电视台', 'http://www.gdtv.com.cn/', 3, 3, 3, 0, 0, '', ''),
(84, '天韵网', 'http://www.goofm.com/', 3, 3, 4, 0, 0, '', ''),
(85, '南方电视台', 'http://www.tvscn.com/', 3, 3, 5, 0, 0, '', ''),
(86, '第一人民医院', 'http://www.81ts.com/CRMWeb/', 3, 9, 1, 0, 0, '', ''),
(87, '南方医院', 'http://www.nfyy.com/', 3, 9, 2, 0, 0, '', ''),
(88, '第二人民医院', 'http://www.gd2h.com/', 3, 9, 3, 0, 0, '', ''),
(89, '中大附属一院', 'http://www.gzsums.net/', 3, 9, 4, 0, 0, '', ''),
(90, '省人民医院', 'http://www.e5413.com/', 3, 9, 5, 0, 0, '', ''),
(91, '广州视窗美食', 'http://food.gznet.com/', 3, 4, 1, 0, 0, '', ''),
(92, '食在广州', 'http://www.gzmeal.com/', 3, 4, 2, 0, 0, '', ''),
(93, '饭统网', 'http://guangzhou.fantong.com/', 3, 4, 3, 0, 0, '', ''),
(94, '大众点评网', 'http://www.dianping.com/guangzhou/food', 3, 4, 4, 0, 0, '', ''),
(95, '广州饮食网', 'http://www.chi020.com/', 3, 4, 5, 0, 0, '', ''),
(96, '淘宝网', 'http://www.taobao.com/', 3, 6, 1, 0, 0, '', ''),
(97, '美团网', 'http://www.meituan.com/guangzhou', 3, 6, 2, 0, 0, '', ''),
(98, '拉手网', 'http://www.lashou.com/guangzhou', 3, 6, 3, 0, 0, '', ''),
(99, '京东网上商城', 'http://p.yiqifa.com/c?s=dc1c5515&w=148281&c=4509&i=5862&l=0&e=mz&t=http://www.360buy.com', 3, 6, 4, 0, 0, '', ''),
(100, '中粮我买网', 'http://www.womai.com/', 3, 6, 5, 0, 0, '', ''),
(101, '广州银行', 'http://www.gzcb.com.cn/', 3, 10, 1, 0, 0, '', ''),
(102, '农村商业银行', 'http://www.961111.cn/', 3, 10, 2, 0, 0, '', ''),
(103, '工商银行', 'http://www.icbc.com.cn/', 3, 10, 3, 0, 0, '', ''),
(104, '广东发展银行', 'http://www.gdb.com.cn/', 3, 10, 4, 0, 0, '', ''),
(105, '招商银行', 'http://www.cmbchina.com/', 3, 10, 5, 0, 0, '', ''),
(106, '广州公交网', 'http://www.gz-bus.com/', 3, 14, 1, 0, 0, '', ''),
(107, '天河客运站', 'http://www.tianhebus.com/', 3, 14, 2, 0, 0, '', ''),
(108, '中山大学', 'http://www.zsu.edu.cn/', 3, 13, 1, 0, 0, '', ''),
(109, '华南理工大学', 'http://www.scut.edu.cn/', 3, 13, 2, 0, 0, '', ''),
(110, '广州一中', 'http://www.gzsyz.com/', 3, 13, 3, 0, 0, '', ''),
(111, '广州二中', 'http://www.gdgzez.com.cn/', 3, 13, 4, 0, 0, '', ''),
(112, '科技职业学院', 'http://www.gzkjxy.net/', 3, 13, 5, 0, 0, '', ''),
(113, '东站汽车客运站', 'http://www.gzdzcz.com/', 3, 14, 3, 0, 0, '', ''),
(114, '越秀南汽车站', 'http://www.yxnz.com.cn/', 3, 14, 4, 0, 0, '', ''),
(115, '海珠客运站', 'http://hzstation.gzzc.com.cn/', 3, 14, 5, 0, 0, '', ''),
(116, '香江动物园', 'http://www.xjzoo.com.cn/', 3, 15, 1, 0, 0, '', ''),
(117, '长隆欢乐世界', 'http://www.chimelongparadise.com/', 3, 15, 2, 0, 0, '', ''),
(118, '广州旅游网', 'http://www.visitgz.com/', 3, 15, 3, 0, 0, '', ''),
(119, '长隆度假区', 'http://www.chimelong.com/', 3, 15, 4, 0, 0, '', ''),
(120, '白云山景区', 'http://www.baiyunshan.com.cn/', 3, 15, 5, 0, 0, '', ''),
(121, '广州市区', 'http://www.gz.gov.cn/', 3, 16, 1, 0, 0, '', ''),
(122, '天河区', 'http://www.thnet.gov.cn/', 3, 16, 2, 0, 0, '', ''),
(123, '越秀区', 'http://www.yuexiu.gov.cn/yxxxw/index/', 3, 16, 3, 0, 0, '', ''),
(124, '荔湾区', 'http://www.lw.gov.cn/', 3, 16, 4, 0, 0, '', ''),
(125, '番禺区', 'http://www.panyu.gov.cn/jsp/', 3, 16, 5, 0, 0, '', ''),
(126, '市工商局', 'http://www.gzaic.gov.cn/', 3, 11, 1, 0, 0, '', ''),
(127, '市公安局', 'http://www.gzjd.gov.cn/', 3, 11, 2, 0, 0, '', ''),
(128, '市教育局', 'http://www.gzedu.gov.cn/', 3, 11, 3, 0, 0, '', ''),
(129, '广州海关', 'http://guangzhou.customs.gov.cn/', 3, 11, 4, 0, 0, '', ''),
(130, '计生局', 'http://www.gzfb.gov.cn/', 3, 11, 5, 0, 0, '', ''),
(131, '广州人事网', 'http://www.gzpi.gov.cn/gzpi07/index.html', 3, 12, 1, 0, 0, '', ''),
(132, '广州人才网', 'http://www.020job.com/', 3, 12, 2, 0, 0, '', ''),
(133, '劳动保障网', 'http://www.gzlss.gov.cn/', 3, 12, 3, 0, 0, '', ''),
(134, '广州招聘网', 'http://www.hr020.cn/', 3, 12, 4, 0, 0, '', ''),
(135, '珠江人才网', 'http://gz.zhujiangrc.com/', 3, 12, 5, 0, 0, '', ''),
(136, '深圳新闻网', 'http://www.sznews.com/', 5, 1, 1, 0, 0, '', ''),
(137, '奥一新闻', 'http://news.oeeee.com/', 5, 1, 2, 0, 0, '', ''),
(138, '南方周末', 'http://www.infzm.com/', 5, 1, 3, 0, 0, '', ''),
(139, '南方网新闻', 'http://news.southcn.com/dishi/sz/', 5, 1, 4, 0, 0, '', ''),
(140, '新快报', 'http://epaper.xkb.com.cn/', 5, 1, 5, 0, 0, '', ''),
(202, '中国新闻网', 'http://www.chinanews.com.cn/', 10, 1, 1, 0, 0, '', ''),
(142, '鹏友窝', 'http://www.pengyouwo.com/', 5, 2, 2, 0, 0, '', ''),
(143, '深圳社区', 'http://club.sz.net.cn/', 5, 2, 3, 0, 0, '', ''),
(144, '深圳职业论坛', 'http://www.szbbs.cn/', 5, 2, 4, 0, 0, '', ''),
(145, '鹏城湾', 'http://www.pengchengwan.com/', 5, 2, 5, 0, 0, '', ''),
(146, '深圳电视台', 'http://www.sztv.com.cn/', 5, 3, 1, 0, 0, '', ''),
(147, '深圳电台', 'http://www.szr.com.cn/', 5, 3, 2, 0, 0, '', ''),
(148, '天威视讯', 'http://www.topway.com.cn/', 5, 3, 3, 0, 0, '', ''),
(149, '广东电视台', 'http://www.gdtv.com.cn/', 5, 3, 4, 0, 0, '', ''),
(150, '南方电视台', 'http://www.tvscn.com/', 5, 3, 5, 0, 0, '', ''),
(151, '市人民医院', 'http://www.szhospital.com/', 5, 9, 1, 0, 0, '', ''),
(152, '深圳北大医院', 'http://www.pkuszh.com/', 5, 9, 2, 0, 0, '', ''),
(153, '阳光医院', 'http://www.91group.com/', 5, 9, 3, 0, 0, '', ''),
(154, '第二人民医院', 'http://www.szrch.com/', 5, 9, 4, 0, 0, '', ''),
(155, '博爱医院', 'http://www.boai.com/', 5, 9, 5, 0, 0, '', ''),
(156, '深圳人才网', 'http://www.szhr.com.cn/', 5, 12, 1, 0, 0, '', ''),
(157, '深圳人才招聘', 'http://www.0755rc.com/', 5, 12, 2, 0, 0, '', ''),
(158, '深圳招聘网', 'http://www.hr0755.com/', 5, 12, 3, 0, 0, '', ''),
(159, '中国人才热线', 'http://www.cjol.com/shenzhen/', 5, 12, 4, 0, 0, '', ''),
(160, '三和招聘网', 'http://www.szsh.com/', 5, 12, 5, 0, 0, '', ''),
(161, '深圳大学', 'http://www.szu.edu.cn/szu2007/', 5, 13, 1, 0, 0, '', ''),
(162, '广播电视大学', 'http://www.szrtvu.com.cn/', 5, 13, 2, 0, 0, '', ''),
(163, '职业技术学院', 'http://www.szpt.edu.cn/', 5, 13, 3, 0, 0, '', ''),
(164, '高级技师学校', 'http://www.ssti.net.cn/', 5, 13, 4, 0, 0, '', ''),
(165, '华强职校', 'http://www.szhqzx.net/', 5, 13, 5, 0, 0, '', ''),
(166, '深圳旅游网', 'http://www.shenzhentour.com/', 5, 15, 1, 0, 0, '', ''),
(167, '世界之窗', 'http://www.szwwco.com/', 5, 15, 2, 0, 0, '', ''),
(168, '野生动物园', 'http://www.szzoo.net/', 5, 15, 3, 0, 0, '', ''),
(169, '青青世界', 'http://www.evergreen-cn.com/', 5, 15, 4, 0, 0, '', ''),
(170, '小梅沙', 'http://www.szxms.com.cn/', 5, 15, 5, 0, 0, '', ''),
(171, '口碑网', 'http://shenzhen.koubei.com/cate', 5, 4, 1, 0, 0, '', ''),
(172, '深圳饮食网', 'http://www.szeat.net/', 5, 4, 2, 0, 0, '', ''),
(173, '饭统网', 'http://shenzhen.fantong.com/', 5, 4, 3, 0, 0, '', ''),
(174, '大众点评网', 'http://www.dianping.com/shenzhen/food', 5, 4, 4, 0, 0, '', ''),
(175, '美味百事通', 'http://eat.sz.net.cn/', 5, 4, 5, 0, 0, '', ''),
(176, '淘宝特卖', 'http://pindao.huoban.taobao.com/tms/channel/onsale.htm?pid=mm_11836333_2239687_8764474&eventid=&unid=148281', 5, 6, 1, 0, 0, '', ''),
(177, '京东网上商城', 'http://p.yiqifa.com/c?s=dc1c5515&w=148281&c=4509&i=5862&l=0&e=mz&t=http://www.360buy.com', 5, 6, 2, 0, 0, '', ''),
(178, '拉手网', 'http://www.lashou.com/shenzhen', 5, 6, 3, 0, 0, '', ''),
(179, '中粮我买网', 'http://www.womai.com/', 5, 6, 5, 0, 0, '', ''),
(180, '美团网', 'http://www.meituan.com/', 5, 6, 4, 0, 0, '', ''),
(181, '深圳发展银行', 'http://www.sdb.com.cn/website/page', 5, 10, 1, 0, 0, '', ''),
(182, '广发银行', 'http://www.gdb.com.cn/', 5, 10, 2, 0, 0, '', ''),
(183, '深圳农商银行', 'http://www.961200.net/', 5, 10, 3, 0, 0, '', ''),
(184, '建设银行', 'http://www.ccb.com/', 5, 10, 4, 0, 0, '', ''),
(185, '招商银行', 'http://www.cmbchina.com/', 5, 10, 5, 0, 0, '', ''),
(186, '深圳地铁', 'http://www.szmc.net/', 5, 14, 1, 0, 0, '', ''),
(187, '深圳公交', 'http://www.szbus.com.cn/', 5, 14, 2, 0, 0, '', ''),
(188, '宝安国际机场', 'http://www.szairport.com/', 5, 14, 3, 0, 0, '', ''),
(189, '深圳火车站', 'http://hcp.sz.bendibao.com/szstation/', 5, 14, 4, 0, 0, '', ''),
(190, '汽车站一览表', 'http://jt.sz.bendibao.com/keche/', 5, 14, 5, 0, 0, '', ''),
(191, '罗湖区', 'http://www.szlh.gov.cn/main/', 5, 16, 1, 0, 0, '', ''),
(192, '福田区', 'http://www.szft.gov.cn/zf/', 5, 16, 2, 0, 0, '', ''),
(193, '龙岗区', 'http://www.lg.gov.cn/', 5, 16, 3, 0, 0, '', ''),
(194, '南山区', 'http://www.szns.gov.cn/', 5, 16, 4, 0, 0, '', ''),
(195, '宝安区', 'http://www.baoan.gov.cn/main/', 5, 16, 5, 0, 0, '', ''),
(196, '深圳纪委', 'http://www.szmj.gov.cn/', 5, 11, 1, 0, 0, '', ''),
(197, '市公安局', 'http://www.szga.gov.cn/', 5, 11, 2, 0, 0, '', ''),
(198, '地方税务局', 'http://www.szds.gov.cn/', 5, 11, 3, 0, 0, '', ''),
(199, '深圳人大', 'http://www.szrd.gov.cn/', 5, 11, 4, 0, 0, '', ''),
(200, '市劳动局', 'http://www.szhrss.gov.cn/', 5, 11, 5, 0, 0, '', ''),
(201, '深圳论坛', 'http://szbbs.sznews.com/', 5, 2, 1, 0, 0, '', ''),
(203, '新华网北京', 'http://www.bj.xinhuanet.com/', 10, 1, 2, 0, 0, '', ''),
(204, '北京晨报', 'http://www.morningpost.com.cn/', 10, 1, 3, 0, 0, '', ''),
(205, '新京报网', 'http://www.bjnews.com.cn/', 10, 1, 4, 0, 0, '', ''),
(206, '京报网', 'http://www.bjd.com.cn/', 10, 1, 5, 0, 0, '', ''),
(207, '望京网', 'http://www.wangjing.cn/', 10, 2, 1, 0, 0, '', ''),
(208, '回龙观社区网', 'http://www.hlgnet.com/', 10, 2, 2, 0, 0, '', ''),
(209, '八通网', 'http://www.bato.cn/', 10, 2, 3, 0, 0, '', ''),
(210, '北京论坛', 'http://www.hupub.com/', 10, 2, 4, 0, 0, '', ''),
(211, '亦庄社区', 'http://www.yz010.com/', 10, 2, 5, 0, 0, '', ''),
(212, '北京电视台', 'http://www.btv.com.cn/', 10, 3, 1, 0, 0, '', ''),
(213, 'CCTV', 'http://www.cntv.cn/', 10, 3, 2, 0, 0, '', ''),
(214, '北京广播', 'http://listen.rbc.cn/', 10, 3, 3, 0, 0, '', ''),
(215, '北京交通广播', 'http://fm1039.rbc.cn/wszb/', 10, 3, 4, 0, 0, '', ''),
(216, 'CCTV新闻联播', 'http://bugu.cntv.cn/news/china/xinwenlianbo/videopage/index.shtml', 10, 3, 5, 0, 0, '', ''),
(217, '北京医院', 'http://www.bjhmoh.cn/', 10, 9, 1, 0, 0, '', ''),
(218, '301医院', 'http://www.301hospital.com.cn/', 10, 9, 2, 0, 0, '', ''),
(219, '协和医院', 'http://www.pumch.cn/', 10, 9, 3, 0, 0, '', ''),
(220, '同仁医院', 'http://www.trhos.com/', 10, 9, 4, 0, 0, '', ''),
(221, '军区总医院', 'http://www.ljzy.com.cn/', 10, 9, 5, 0, 0, '', ''),
(222, '北京人才网', 'http://www.bjrc.com/', 10, 12, 1, 0, 0, '', ''),
(223, '首都人才网', 'http://www.shoudurc.com/', 10, 12, 2, 0, 0, '', ''),
(224, '北京人才热线', 'http://www.beijingrc.com/', 10, 12, 3, 0, 0, '', ''),
(225, '中华英才北京站', 'http://beijing.chinahr.com/', 10, 12, 4, 0, 0, '', ''),
(226, '人事人才信息网', 'http://www.bjp.gov.cn/renshiju/', 10, 12, 5, 0, 0, '', ''),
(227, '清华大学', 'http://www.tsinghua.edu.cn/', 10, 13, 1, 0, 0, '', ''),
(228, '北京大学', 'http://www.pku.edu.cn/', 10, 13, 2, 0, 0, '', ''),
(229, '北京师范大学', 'http://www.bnu.edu.cn/', 10, 13, 3, 0, 0, '', ''),
(230, '北京交通大学', 'http://www.njtu.edu.cn/', 10, 13, 4, 0, 0, '', ''),
(231, '首都师范大学', 'http://www.cnu.edu.cn/', 10, 13, 5, 0, 0, '', ''),
(232, '北京旅游信息网', 'http://www.bjta.gov.cn/', 10, 15, 1, 0, 0, '', ''),
(233, '故宫博物院', 'http://www.dpm.org.cn/', 10, 15, 2, 0, 0, '', ''),
(234, '国家博物馆', 'http://www.chnmuseum.cn/', 10, 15, 3, 0, 0, '', ''),
(235, '世界公园', 'http://www.beijingworldpark.com.cn/', 10, 15, 4, 0, 0, '', ''),
(236, '圆明园', 'http://www.yuanmingyuanpark.com/', 10, 15, 5, 0, 0, '', ''),
(237, '口碑网', 'http://beijing.koubei.com/cate', 10, 4, 1, 0, 0, '', ''),
(238, '阿邦美食', 'http://beijingmeishi.abang.com/', 10, 4, 2, 0, 0, '', ''),
(239, '饭统网', 'http://beijing.fantong.com/', 10, 4, 3, 0, 0, '', ''),
(240, '大众点评网', 'http://www.dianping.com/beijing/food', 10, 4, 4, 0, 0, '', ''),
(241, 'POCO北京美食', 'http://bj.food.poco.cn/', 10, 6, 5, 0, 0, '', ''),
(242, '淘宝网', 'http://www.taobao.com/', 10, 6, 1, 0, 0, '', ''),
(243, '美团网', 'http://www.meituan.com/beijing', 10, 6, 2, 0, 0, '', ''),
(244, '拉手网', 'http://www.lashou.com/beijing', 10, 6, 3, 0, 0, '', ''),
(245, '京东网上商城', 'http://p.yiqifa.com/c?s=dc1c5515&w=148281&c=4509&i=5862&l=0&e=mz&t=http://www.360buy.com', 10, 6, 4, 0, 0, '', ''),
(246, '中粮我买网', 'http://www.womai.com/', 10, 4, 5, 0, 0, '', ''),
(247, '北京银行', 'http://www.bankofbeijing.com.cn/', 10, 10, 1, 0, 0, '', ''),
(248, '农村商业银行', 'http://www.bjrcb.com/', 10, 10, 2, 0, 0, '', ''),
(249, '人民银行', 'http://www.pbc.gov.cn/', 10, 10, 3, 0, 0, '', ''),
(250, '建设银行', 'http://www.ccb.com/', 10, 10, 4, 0, 0, '', ''),
(251, '招商银行', 'http://www.cmbchina.com/', 10, 10, 5, 0, 0, '', ''),
(252, '北京地铁', 'http://www.bjsubway.com/', 10, 14, 1, 0, 0, '', ''),
(253, '北京公交', 'http://www.bjbus.com/', 10, 14, 2, 0, 0, '', ''),
(254, '首都机场', 'http://www.bcia.com.cn/', 10, 14, 3, 0, 0, '', ''),
(255, '北京火车站', 'http://www.bjhcz.net/', 10, 14, 4, 0, 0, '', ''),
(256, '八王坟客运站', 'http://www.bjalsa.com.cn/', 10, 14, 5, 0, 0, '', ''),
(257, '首都之窗', 'http://www.beijing.gov.cn/', 10, 16, 1, 0, 0, '', ''),
(258, '朝阳区', 'http://www.bjchy.gov.cn/', 10, 16, 2, 0, 0, '', ''),
(259, '海淀区', 'http://www.bjhd.gov.cn/', 10, 16, 3, 0, 0, '', ''),
(260, '东城区', 'http://www.bjdch.gov.cn/', 10, 16, 4, 0, 0, '', ''),
(261, '西城区', 'http://www.bjxch.gov.cn/', 10, 16, 5, 0, 0, '', ''),
(262, '人大常委会', 'http://www.bjrd.gov.cn/', 10, 11, 1, 0, 0, '', ''),
(263, '市财政局', 'http://www.bjcz.gov.cn/', 10, 11, 2, 0, 0, '', ''),
(264, '市政协', 'http://www.bjzx.gov.cn/', 10, 11, 3, 0, 0, '', ''),
(265, '市公安局', 'http://www.bjgaj.gov.cn/', 10, 11, 4, 0, 0, '', ''),
(266, '市卫生局', 'http://www.bjhb.gov.cn/', 10, 11, 5, 0, 0, '', '');

CREATE TABLE IF NOT EXISTS `ylmf_city_id_name` (
  `id` int(11) NOT NULL auto_increment,
  `city_id` int(10) NOT NULL,
  `city_name` varchar(50) NOT NULL,
  PRIMARY KEY  (`id`)
) ENGINE=MyISAM  DEFAULT CHARSET=gbk AUTO_INCREMENT=2513 ;

INSERT INTO `ylmf_city_id_name` (`id`, `city_id`, `city_name`) VALUES
(1, 101010100, '北京'),
(2, 101010200, '海淀'),
(3, 101010300, '朝阳'),
(4, 101010400, '顺义'),
(5, 101010500, '怀柔'),
(6, 101010600, '通州'),
(7, 101010700, '昌平'),
(8, 101010800, '延庆'),
(9, 101010900, '丰台'),
(10, 101011000, '石景山'),
(11, 101011100, '大兴'),
(12, 101011200, '房山'),
(13, 101011300, '密云'),
(14, 101011400, '门头沟'),
(15, 101011500, '平谷'),
(16, 101011600, '八达岭'),
(17, 101011700, '佛爷顶'),
(18, 101011800, '汤河口'),
(19, 101011900, '密云上甸子'),
(20, 101012000, '斋堂'),
(21, 101012100, '霞云岭'),
(22, 101020100, '上海'),
(23, 101020200, '闵行'),
(24, 101020300, '宝山'),
(25, 101020400, '川沙'),
(26, 101020500, '嘉定'),
(27, 101020600, '南汇'),
(28, 101020700, '金山'),
(29, 101020800, '青浦'),
(30, 101020900, '松江'),
(31, 101021000, '奉贤'),
(32, 101021100, '崇明'),
(33, 101021101, '陈家镇'),
(34, 101021102, '引水船'),
(35, 101030100, '天津'),
(36, 101030200, '武清'),
(37, 101030300, '宝坻'),
(38, 101030400, '东丽'),
(39, 101030500, '西青'),
(40, 101030600, '北辰'),
(41, 101030700, '宁河'),
(42, 101030800, '汉沽'),
(43, 101030900, '静海'),
(44, 101031000, '津南'),
(45, 101031100, '塘沽'),
(46, 101031200, '大港'),
(47, 101031300, '平台'),
(48, 101031400, '蓟县'),
(49, 101040100, '重庆'),
(50, 101040200, '永川'),
(51, 101040300, '合川'),
(52, 101040400, '南川'),
(53, 101040500, '江津'),
(54, 101040600, '万盛'),
(55, 101040700, '渝北'),
(56, 101040800, '北碚'),
(57, 101040900, '巴南'),
(58, 101041000, '长寿'),
(59, 101041100, '黔江'),
(60, 101041200, '万州天城'),
(61, 101041300, '万州龙宝'),
(62, 101041400, '涪陵'),
(63, 101041500, '开县'),
(64, 101041600, '城口'),
(65, 101041700, '云阳'),
(66, 101041800, '巫溪'),
(67, 101041900, '奉节'),
(68, 101042000, '巫山'),
(69, 101042100, '潼南'),
(70, 101042200, '垫江'),
(71, 101042300, '梁平'),
(72, 101042400, '忠县'),
(73, 101042500, '石柱'),
(74, 101042600, '大足'),
(75, 101042700, '荣昌'),
(76, 101042800, '铜梁'),
(77, 101042900, '璧山'),
(78, 101043000, '丰都'),
(79, 101043100, '武隆'),
(80, 101043200, '彭水'),
(81, 101043300, '綦江'),
(82, 101043400, '酉阳'),
(83, 101043500, '金佛山'),
(84, 101043600, '秀山'),
(85, 101050101, '哈尔滨'),
(86, 101050102, '双城'),
(87, 101050103, '呼兰'),
(88, 101050104, '阿城'),
(89, 101050105, '宾县'),
(90, 101050106, '依兰'),
(91, 101050107, '巴彦'),
(92, 101050108, '通河'),
(93, 101050109, '方正'),
(94, 101050110, '延寿'),
(95, 101050111, '尚志'),
(96, 101050112, '五常'),
(97, 101050113, '木兰'),
(98, 101050201, '齐齐哈尔'),
(99, 101050202, '讷河'),
(100, 101050203, '龙江'),
(101, 101050204, '甘南'),
(102, 101050205, '富裕'),
(103, 101050206, '依安'),
(104, 101050207, '拜泉'),
(105, 101050208, '克山'),
(106, 101050209, '克东'),
(107, 101050210, '泰来'),
(108, 101050301, '牡丹江'),
(109, 101050302, '海林'),
(110, 101050303, '穆棱'),
(111, 101050304, '林口'),
(112, 101050305, '绥芬河'),
(113, 101050306, '宁安'),
(114, 101050307, '东宁'),
(115, 101050401, '佳木斯'),
(116, 101050402, '汤原'),
(117, 101050403, '扶远'),
(118, 101050404, '桦川'),
(119, 101050405, '桦南'),
(120, 101050406, '同江'),
(121, 101050407, '富锦'),
(122, 101050501, '绥化'),
(123, 101050502, '肇东'),
(124, 101050503, '安达'),
(125, 101050504, '海伦'),
(126, 101050505, '明水'),
(127, 101050506, '望奎'),
(128, 101050507, '兰西'),
(129, 101050508, '青冈'),
(130, 101050509, '庆安'),
(131, 101050510, '绥棱'),
(132, 101050601, '黑河'),
(133, 101050602, '嫩江'),
(134, 101050603, '孙吴'),
(135, 101050604, '逊克'),
(136, 101050605, '五大连池'),
(137, 101050606, '北安'),
(138, 101050701, '大兴安岭'),
(139, 101050702, '塔河'),
(140, 101050703, '漠河'),
(141, 101050704, '呼玛'),
(142, 101050705, '呼中'),
(143, 101050706, '新林'),
(144, 101050707, '阿木尔'),
(145, 101050801, '伊春'),
(146, 101050802, '乌伊岭'),
(147, 101050803, '五营'),
(148, 101050804, '铁力'),
(149, 101050805, '嘉荫'),
(150, 101050901, '大庆'),
(151, 101050902, '林甸'),
(152, 101050903, '肇州'),
(153, 101050904, '肇源'),
(154, 101051002, '勃利'),
(155, 101051101, '鸡西'),
(156, 101051102, '虎林'),
(157, 101051103, '密山'),
(158, 101051104, '鸡东'),
(159, 101051201, '鹤岗'),
(160, 101051202, '绥滨'),
(161, 101051203, '萝北'),
(162, 101051301, '双鸭山'),
(163, 101051302, '集贤'),
(164, 101051303, '宝清'),
(165, 101051304, '侥河'),
(166, 101060101, '长春'),
(167, 101060102, '农安'),
(168, 101060103, '德惠'),
(169, 101060104, '九台'),
(170, 101060105, '榆树'),
(171, 101060106, '双阳'),
(172, 101060201, '吉林'),
(173, 101060202, '舒兰'),
(174, 101060203, '永吉'),
(175, 101060204, '蛟河'),
(176, 101060205, '磐石'),
(177, 101060206, '桦甸'),
(178, 101060207, '烟筒山'),
(179, 101060301, '延吉'),
(180, 101060302, '敦化'),
(181, 101060303, '安图'),
(182, 101060304, '汪清'),
(183, 101060305, '和龙'),
(184, 101060306, '天池'),
(185, 101060307, '龙井'),
(186, 101060308, '珲春'),
(187, 101060309, '图们'),
(188, 101060310, '松江'),
(189, 101060311, '罗子沟'),
(190, 101060401, '四平'),
(191, 101060402, '双辽'),
(192, 101060403, '梨树'),
(193, 101060404, '公主岭'),
(194, 101060405, '伊通'),
(195, 101060406, '孤家子'),
(196, 101060501, '通化'),
(197, 101060502, '梅河口'),
(198, 101060503, '柳河'),
(199, 101060504, '辉南'),
(200, 101060505, '集安'),
(201, 101060506, '通化县'),
(202, 101060601, '白城'),
(203, 101060602, '洮南'),
(204, 101060603, '大安'),
(205, 101060604, '镇赉'),
(206, 101060605, '通榆'),
(207, 101060701, '辽源'),
(208, 101060702, '东丰'),
(209, 101060801, '松原'),
(210, 101060802, '乾安'),
(211, 101060803, '前郭'),
(212, 101060804, '长岭'),
(213, 101060805, '扶余'),
(214, 101060901, '白山'),
(215, 101060902, '靖宇'),
(216, 101060903, '临江'),
(217, 101060904, '东岗'),
(218, 101060905, '长白'),
(219, 101070101, '沈阳'),
(220, 101070102, '苏家屯'),
(221, 101070103, '辽中'),
(222, 101070104, '康平'),
(223, 101070105, '法库'),
(224, 101070106, '新民'),
(225, 101070107, '于洪'),
(226, 101070108, '新城子'),
(227, 101070201, '大连'),
(228, 101070202, '瓦房店'),
(229, 101070203, '金州'),
(230, 101070204, '普兰店'),
(231, 101070205, '旅顺'),
(232, 101070206, '长海'),
(233, 101070207, '庄河'),
(234, 101070208, '皮口'),
(235, 101070209, '海洋岛'),
(236, 101070301, '鞍山'),
(237, 101070302, '台安'),
(238, 101070303, '岫岩'),
(239, 101070304, '海城'),
(240, 101070401, '抚顺'),
(241, 101070403, '清原'),
(242, 101070404, '章党'),
(243, 101070501, '本溪'),
(244, 101070502, '本溪县'),
(245, 101070503, '草河口'),
(246, 101070504, '桓仁'),
(247, 101070601, '丹东'),
(248, 101070602, '凤城'),
(249, 101070603, '宽甸'),
(250, 101070604, '东沟'),
(251, 101070701, '锦州'),
(252, 101070702, '凌海'),
(253, 101070703, '北宁'),
(254, 101070704, '义县'),
(255, 101070705, '黑山'),
(256, 101070801, '营口'),
(257, 101070802, '大石桥'),
(258, 101070803, '盖州'),
(259, 101071804, '熊岳'),
(260, 101070901, '阜新'),
(261, 101070902, '彰武'),
(262, 101071001, '辽阳'),
(263, 101071002, '辽阳县'),
(264, 101071003, '灯塔'),
(265, 101071101, '铁岭'),
(266, 101071102, '开原'),
(267, 101071103, '昌图'),
(268, 101071104, '西丰'),
(269, 101071201, '朝阳'),
(270, 101071202, '建平'),
(271, 101071203, '凌源'),
(272, 101071204, '喀左'),
(273, 101071205, '北票'),
(274, 101071206, '羊山'),
(275, 101071207, '建平县'),
(276, 101071301, '盘锦'),
(277, 101071302, '大洼'),
(278, 101071303, '盘山'),
(279, 101071401, '葫芦岛'),
(280, 101071402, '建昌'),
(281, 101071403, '绥中'),
(282, 101071404, '兴城'),
(283, 101080101, '呼和浩特'),
(284, 101080102, '土默特左旗'),
(285, 101080103, '托克托'),
(286, 101080104, '和林格尔'),
(287, 101080105, '清水河'),
(288, 101080106, '呼和浩特市郊区'),
(289, 101080107, '武川'),
(290, 101080201, '包头'),
(291, 101080202, '白云鄂博'),
(292, 101080203, '满都拉'),
(293, 101080204, '土默特右旗'),
(294, 101080205, '固阳'),
(295, 101080206, '达尔罕茂明安联合旗'),
(296, 101080207, '石拐'),
(297, 101080301, '乌海'),
(298, 101080401, '集宁'),
(299, 101080402, '卓资'),
(300, 101080403, '化德'),
(301, 101080404, '商都'),
(302, 101080405, '希拉穆仁'),
(303, 101080406, '兴和'),
(304, 101080407, '凉城'),
(305, 101080408, '察哈尔右翼前旗'),
(306, 101080409, '察哈尔右翼中旗'),
(307, 101080410, '察哈尔右翼后旗'),
(308, 101080411, '四子王旗'),
(309, 101080412, '丰镇'),
(310, 101080501, '通辽'),
(311, 101080502, '舍伯吐'),
(312, 101080503, '科尔沁左翼中旗'),
(313, 101080504, '科尔沁左翼后旗'),
(314, 101080505, '青龙山'),
(315, 101080506, '开鲁'),
(316, 101080507, '库伦旗'),
(317, 101080508, '奈曼旗'),
(318, 101080509, '扎鲁特旗'),
(319, 101080510, '高力板'),
(320, 101080511, '巴雅尔吐胡硕'),
(321, 101080512, '通辽钱家店'),
(322, 101080601, '赤峰'),
(323, 101080602, '赤峰郊区站'),
(324, 101080603, '阿鲁科尔沁旗'),
(325, 101080604, '浩尔吐'),
(326, 101080605, '巴林左旗'),
(327, 101080606, '巴林右旗'),
(328, 101080607, '林西'),
(329, 101080608, '克什克腾旗'),
(330, 101080609, '翁牛特旗'),
(331, 101080610, '岗子'),
(332, 101080611, '喀喇沁旗'),
(333, 101080612, '八里罕'),
(334, 101080613, '宁城'),
(335, 101080614, '敖汉旗'),
(336, 101080615, '宝过图'),
(337, 101080701, '鄂尔多斯'),
(338, 101080703, '达拉特旗'),
(339, 101080704, '准格尔旗'),
(340, 101080705, '鄂托克前旗'),
(341, 101080706, '河南'),
(342, 101080707, '伊克乌素'),
(343, 101080708, '鄂托克旗'),
(344, 101080709, '杭锦旗'),
(345, 101080710, '乌审旗'),
(346, 101080711, '伊金霍洛旗'),
(347, 101080712, '乌审召'),
(348, 101080801, '临河'),
(349, 101080802, '五原'),
(350, 101080803, '磴口'),
(351, 101080804, '乌拉特前旗'),
(352, 101080805, '大佘太'),
(353, 101080806, '乌拉特中旗'),
(354, 101080807, '乌拉特后旗'),
(355, 101080808, '海力素'),
(356, 101080809, '那仁宝力格'),
(357, 101080810, '杭锦后旗'),
(358, 101080811, '巴盟农试站'),
(359, 101080901, '锡林浩特'),
(360, 101080902, '朝克乌拉'),
(361, 101080903, '二连浩特'),
(362, 101080904, '阿巴嘎旗'),
(363, 101080905, '伊和郭勒'),
(364, 101080906, '苏尼特左旗'),
(365, 101080907, '苏尼特右旗'),
(366, 101080908, '朱日和'),
(367, 101080909, '东乌珠穆沁旗'),
(368, 101080910, '西乌珠穆沁旗'),
(369, 101080911, '太仆寺旗'),
(370, 101080912, '镶黄旗'),
(371, 101080913, '正镶白旗'),
(372, 101080914, '正兰旗'),
(373, 101080915, '多伦'),
(374, 101080916, '博克图'),
(375, 101080917, '乌拉盖'),
(376, 101080918, '白日乌拉'),
(377, 101080919, '那日图'),
(378, 101081001, '海拉尔'),
(379, 101081002, '小二沟'),
(380, 101081003, '阿荣旗'),
(381, 101081004, '莫力达瓦旗'),
(382, 101081005, '鄂伦春旗'),
(383, 101081006, '鄂温克旗'),
(384, 101081007, '陈巴尔虎旗'),
(385, 101081008, '新巴尔虎左旗'),
(386, 101081009, '新巴尔虎右旗'),
(387, 101081010, '满洲里'),
(388, 101081011, '牙克石'),
(389, 101081012, '扎兰屯'),
(390, 101081014, '额尔古纳'),
(391, 101081015, '根河'),
(392, 101081016, '图里河'),
(393, 101081101, '乌兰浩特'),
(394, 101081102, '阿尔山'),
(395, 101081103, '科尔沁右翼中旗'),
(396, 101081104, '胡尔勒'),
(397, 101081105, '扎赉特旗'),
(398, 101081106, '索伦'),
(399, 101081107, '突泉'),
(400, 101081201, '阿拉善左旗'),
(401, 101081202, '阿拉善右旗'),
(402, 101081203, '额济纳旗'),
(403, 101081204, '拐子湖'),
(404, 101081205, '吉兰太'),
(405, 101081206, '锡林高勒'),
(406, 101081207, '头道湖'),
(407, 101081208, '中泉子'),
(408, 101081209, '巴彦诺尔贡'),
(409, 101090101, '石家庄'),
(410, 101090102, '井陉'),
(411, 101090103, '正定'),
(412, 101090104, '栾城'),
(413, 101090105, '行唐'),
(414, 101090106, '灵寿'),
(415, 101090107, '高邑'),
(416, 101090108, '深泽'),
(417, 101090109, '赞皇'),
(418, 101090110, '无极'),
(419, 101090111, '平山'),
(420, 101090112, '元氏'),
(421, 101090113, '赵县'),
(422, 101090114, '辛集'),
(423, 101090115, '藁城'),
(424, 101090116, '晋洲'),
(425, 101090117, '新乐'),
(426, 101090201, '保定'),
(427, 101090202, '满城'),
(428, 101090203, '阜平'),
(429, 101090204, '徐水'),
(430, 101090205, '唐县'),
(431, 101090206, '高阳'),
(432, 101090207, '容城'),
(433, 101090208, '紫荆关'),
(434, 101090209, '涞源'),
(435, 101090210, '望都'),
(436, 101090211, '安新'),
(437, 101090212, '易县'),
(438, 101090213, '涞水'),
(439, 101090214, '曲阳'),
(440, 101090215, '蠡县'),
(441, 101090216, '顺平'),
(442, 101090217, '雄县'),
(443, 101090218, '涿州'),
(444, 101090219, '定州'),
(445, 101090220, '安国'),
(446, 101090221, '高碑店'),
(447, 101090301, '张家口'),
(448, 101090302, '宣化'),
(449, 101090303, '张北'),
(450, 101090304, '康保'),
(451, 101090305, '沽源'),
(452, 101090306, '尚义'),
(453, 101090307, '蔚县'),
(454, 101090308, '阳原'),
(455, 101090309, '怀安'),
(456, 101090310, '万全'),
(457, 101090311, '怀来'),
(458, 101090312, '涿鹿'),
(459, 101090313, '赤城'),
(460, 101090314, '崇礼'),
(461, 101090401, '承德市'),
(462, 101090402, '承德'),
(463, 101090403, '承德县'),
(464, 101090404, '兴隆'),
(465, 101090405, '平泉'),
(466, 101090406, '滦平'),
(467, 101090407, '隆化'),
(468, 101090408, '丰宁'),
(469, 101090409, '宽城'),
(470, 101090410, '围场'),
(471, 101090411, '塞罕坎'),
(472, 101090501, '唐山'),
(473, 101090502, '丰南'),
(474, 101090503, '丰润'),
(475, 101090504, '滦县'),
(476, 101090505, '滦南'),
(477, 101090506, '乐亭'),
(478, 101090507, '迁西'),
(479, 101090508, '玉田'),
(480, 101090509, '唐海'),
(481, 101090510, '遵化'),
(482, 101090511, '迁安'),
(483, 101090601, '廊坊'),
(484, 101090602, '固安'),
(485, 101090603, '永清'),
(486, 101090604, '香河'),
(487, 101090605, '大城'),
(488, 101090606, '文安'),
(489, 101090607, '大厂'),
(490, 101090608, '霸州'),
(491, 101090609, '三河'),
(492, 101090701, '沧州'),
(493, 101090702, '青县'),
(494, 101090703, '东光'),
(495, 101090704, '海兴'),
(496, 101090705, '盐山'),
(497, 101090706, '肃宁'),
(498, 101090707, '南皮'),
(499, 101090708, '吴桥'),
(500, 101090709, '献县'),
(501, 101090710, '孟村'),
(502, 101090711, '泊头'),
(503, 101090712, '任丘'),
(504, 101090713, '黄骅'),
(505, 101090714, '河间'),
(506, 101090801, '衡水'),
(507, 101090802, '枣强'),
(508, 101090803, '武邑'),
(509, 101090804, '武强'),
(510, 101090805, '饶阳'),
(511, 101090806, '安平'),
(512, 101090807, '故城'),
(513, 101090808, '景县'),
(514, 101090809, '阜城'),
(515, 101090810, '冀州'),
(516, 101090811, '深州'),
(517, 101090901, '邢台'),
(518, 101090902, '临城'),
(519, 101090903, '邢台县浆水'),
(520, 101090904, '内邱'),
(521, 101090905, '柏乡'),
(522, 101090906, '隆尧'),
(523, 101090907, '南和'),
(524, 101090908, '宁晋'),
(525, 101090909, '巨鹿'),
(526, 101090910, '新河'),
(527, 101090911, '广宗'),
(528, 101090912, '平乡'),
(529, 101090913, '威县'),
(530, 101090914, '清河'),
(531, 101090915, '临西'),
(532, 101090916, '南宫'),
(533, 101090917, '沙河'),
(534, 101090918, '任县'),
(535, 101091001, '邯郸'),
(536, 101091002, '峰峰'),
(537, 101091003, '临漳'),
(538, 101091004, '成安'),
(539, 101091005, '大名'),
(540, 101091006, '涉县'),
(541, 101091007, '磁县'),
(542, 101091008, '肥乡'),
(543, 101091009, '永年'),
(544, 101091010, '邱县'),
(545, 101091011, '鸡泽'),
(546, 101091012, '广平'),
(547, 101091013, '馆陶'),
(548, 101091014, '魏县'),
(549, 101091015, '曲周'),
(550, 101091016, '武安'),
(551, 101091101, '秦皇岛'),
(552, 101091102, '青龙'),
(553, 101091103, '昌黎'),
(554, 101091104, '抚宁'),
(555, 101091105, '卢龙'),
(556, 101100101, '太原'),
(557, 101100102, '清徐'),
(558, 101100103, '阳曲'),
(559, 101100104, '娄烦'),
(560, 101100105, '太原古交区'),
(561, 101100106, '太原北郊'),
(562, 101100107, '太原南郊'),
(563, 101100201, '大同'),
(564, 101100202, '阳高'),
(565, 101100203, '大同县'),
(566, 101100204, '天镇'),
(567, 101100205, '广灵'),
(568, 101100206, '灵邱'),
(569, 101100207, '浑源'),
(570, 101100208, '左云'),
(571, 101100301, '阳泉'),
(572, 101100302, '盂县'),
(573, 101100303, '平定'),
(574, 101100401, '晋中'),
(575, 101100402, '榆次'),
(576, 101100403, '榆社'),
(577, 101100404, '左权'),
(578, 101100405, '和顺'),
(579, 101100406, '昔阳'),
(580, 101100407, '寿阳'),
(581, 101100408, '太谷'),
(582, 101100409, '祁县'),
(583, 101100411, '灵石'),
(584, 101100412, '介休'),
(585, 101100501, '长治'),
(586, 101100502, '黎城'),
(587, 101100503, '屯留'),
(588, 101100504, '潞城'),
(589, 101100505, '襄垣'),
(590, 101100506, '平顺'),
(591, 101100507, '武乡'),
(592, 101100508, '沁县'),
(593, 101100509, '长子'),
(594, 101100510, '沁源'),
(595, 101100511, '壶关'),
(596, 101100601, '晋城'),
(597, 101100602, '沁水'),
(598, 101100603, '阳城'),
(599, 101100604, '陵川'),
(600, 101100605, '高平'),
(601, 101100701, '临汾'),
(602, 101100702, '曲沃'),
(603, 101100703, '永和'),
(604, 101100704, '隰县'),
(605, 101100705, '大宁'),
(606, 101100706, '吉县'),
(607, 101100707, '襄汾'),
(608, 101100708, '蒲县'),
(609, 101100709, '汾西'),
(610, 101100710, '洪洞'),
(611, 101100711, '霍州'),
(612, 101100712, '乡宁'),
(613, 101100713, '翼城'),
(614, 101100714, '侯马'),
(615, 101100715, '浮山'),
(616, 101100716, '安泽'),
(617, 101100717, '古县'),
(618, 101100801, '运城'),
(619, 101100802, '临猗'),
(620, 101100803, '稷山'),
(621, 101100804, '万荣'),
(622, 101100805, '河津'),
(623, 101100806, '新绛'),
(624, 101100807, '绛县'),
(625, 101100808, '闻喜'),
(626, 101100809, '垣曲'),
(627, 101100810, '永济'),
(628, 101100811, '芮城'),
(629, 101100812, '夏县'),
(630, 101100813, '平陆'),
(631, 101100901, '朔州'),
(632, 101100902, '平鲁'),
(633, 101100903, '山阴'),
(634, 101100904, '右玉'),
(635, 101100905, '应县'),
(636, 101100906, '怀仁'),
(637, 101101001, '忻州'),
(638, 101101002, '定襄'),
(639, 101101003, '五台县豆村'),
(640, 101101004, '河曲'),
(641, 101101005, '偏关'),
(642, 101101006, '神池'),
(643, 101101007, '宁武'),
(644, 101101008, '代县'),
(645, 101101009, '繁峙'),
(646, 101101010, '五台山'),
(647, 101101011, '保德'),
(648, 101101012, '静乐'),
(649, 101101013, '岢岚'),
(650, 101101014, '五寨'),
(651, 101101015, '原平'),
(652, 101101101, '离石'),
(653, 101101102, '临县'),
(654, 101101103, '兴县'),
(655, 101101104, '岚县'),
(656, 101101105, '柳林'),
(657, 101101106, '石楼'),
(658, 101101107, '方山'),
(659, 101101108, '交口'),
(660, 101101109, '中阳'),
(661, 101101110, '孝义'),
(662, 101101111, '汾阳'),
(663, 101101112, '文水'),
(664, 101101113, '交城'),
(665, 101110101, '西安'),
(666, 101110102, '长安'),
(667, 101110103, '临潼'),
(668, 101110104, '蓝田'),
(669, 101110105, '周至'),
(670, 101110106, '户县'),
(671, 101110107, '高陵'),
(672, 101110200, '咸阳'),
(673, 101110201, '三原'),
(674, 101110202, '礼泉'),
(675, 101110203, '永寿'),
(676, 101110204, '淳化'),
(677, 101110205, '泾阳'),
(678, 101110206, '武功'),
(679, 101110207, '乾县'),
(680, 101110208, '彬县'),
(681, 101110209, '长武'),
(682, 101110210, '旬邑'),
(683, 101110211, '兴平'),
(684, 101110300, '延安'),
(685, 101110302, '延川'),
(686, 101110303, '子长'),
(687, 101110301, '延长'),
(688, 101110304, '宜川'),
(689, 101110305, '富县'),
(690, 101110306, '志丹'),
(691, 101110307, '安塞'),
(692, 101110308, '甘泉'),
(693, 101110309, '洛川'),
(694, 101110310, '黄陵'),
(695, 101110311, '黄龙'),
(696, 101110312, '吴旗'),
(697, 101110401, '榆林'),
(698, 101110402, '府谷'),
(699, 101110403, '神木'),
(700, 101110404, '佳县'),
(701, 101110405, '定边'),
(702, 101110406, '靖边'),
(703, 101110407, '横山'),
(704, 101110408, '米脂'),
(705, 101110409, '子洲'),
(706, 101110410, '绥德'),
(707, 101110411, '吴堡'),
(708, 101110412, '清涧'),
(709, 101110501, '渭南'),
(710, 101110502, '华县'),
(711, 101110503, '潼关'),
(712, 101110504, '大荔'),
(713, 101110505, '白水'),
(714, 101110506, '富平'),
(715, 101110507, '蒲城'),
(716, 101110508, '澄城'),
(717, 101110509, '合阳'),
(718, 101110510, '韩城'),
(719, 101110511, '华阴'),
(720, 101110512, '华山'),
(721, 101110601, '商洛'),
(722, 101110602, '洛南'),
(723, 101110603, '柞水'),
(724, 101110605, '镇安'),
(725, 101110606, '丹凤'),
(726, 101110607, '商南'),
(727, 101110608, '山阳'),
(728, 101110701, '安康'),
(729, 101110702, '紫阳'),
(730, 101110703, '石泉'),
(731, 101110704, '汉阴'),
(732, 101110705, '旬阳'),
(733, 101110706, '岚皋'),
(734, 101110707, '平利'),
(735, 101110708, '白河'),
(736, 101110709, '镇坪'),
(737, 101110710, '宁陕'),
(738, 101110801, '汉中'),
(739, 101110802, '略阳'),
(740, 101110803, '勉县'),
(741, 101110804, '留坝'),
(742, 101110805, '洋县'),
(743, 101110806, '城固'),
(744, 101110807, '西乡'),
(745, 101110808, '佛坪'),
(746, 101110809, '宁强'),
(747, 101110810, '南郑'),
(748, 101110811, '镇巴'),
(749, 101110901, '宝鸡'),
(750, 101110902, '宝鸡县'),
(751, 101110903, '千阳'),
(752, 101110904, '麟游'),
(753, 101110905, '岐山'),
(754, 101110906, '凤翔'),
(755, 101110907, '扶风'),
(756, 101110908, '眉县'),
(757, 101110909, '太白'),
(758, 101110910, '凤县'),
(759, 101110911, '陇县'),
(760, 101111001, '铜川'),
(761, 101111002, '耀县'),
(762, 101111003, '宜君'),
(763, 101120101, '济南'),
(764, 101120102, '长清'),
(765, 101120103, '商河'),
(766, 101120104, '章丘'),
(767, 101120105, '平阴'),
(768, 101120106, '济阳'),
(769, 101120201, '青岛'),
(770, 101120202, '崂山'),
(771, 101120203, '潮连岛'),
(772, 101120204, '即墨'),
(773, 101120205, '胶州'),
(774, 101120206, '胶南'),
(775, 101120207, '莱西'),
(776, 101120208, '平度'),
(777, 101120301, '淄博'),
(778, 101120302, '淄川'),
(779, 101120303, '博山'),
(780, 101120304, '高青'),
(781, 101120305, '周村'),
(782, 101120306, '沂源'),
(783, 101120307, '桓台'),
(784, 101120308, '临淄'),
(785, 101120401, '德州'),
(786, 101120402, '武城'),
(787, 101120403, '临邑'),
(788, 101120404, '陵县'),
(789, 101120405, '齐河'),
(790, 101120406, '乐陵'),
(791, 101120407, '庆云'),
(792, 101120408, '平原'),
(793, 101120409, '宁津'),
(794, 101120410, '夏津'),
(795, 101120411, '禹城'),
(796, 101120501, '烟台'),
(797, 101120502, '莱州'),
(798, 101120503, '长岛'),
(799, 101120504, '蓬莱'),
(800, 101120505, '龙口'),
(801, 101120506, '招远'),
(802, 101120507, '栖霞'),
(803, 101120508, '福山'),
(804, 101120509, '牟平'),
(805, 101120510, '莱阳'),
(806, 101120511, '海阳'),
(807, 101120512, '千里岩'),
(808, 101120601, '潍坊'),
(809, 101120602, '青州'),
(810, 101120603, '寿光'),
(811, 101120604, '临朐'),
(812, 101120605, '昌乐'),
(813, 101120606, '昌邑'),
(814, 101120607, '安丘'),
(815, 101120608, '高密'),
(816, 101120609, '诸城'),
(817, 101120701, '济宁'),
(818, 101120702, '嘉祥'),
(819, 101120703, '微山'),
(820, 101120704, '鱼台'),
(821, 101120705, '兖州'),
(822, 101120706, '金乡'),
(823, 101120707, '汶上'),
(824, 101120708, '泗水'),
(825, 101120709, '梁山'),
(826, 101120710, '曲阜'),
(827, 101120711, '邹城'),
(828, 101120801, '泰安'),
(829, 101120802, '新泰'),
(830, 101120803, '泰山'),
(831, 101120804, '肥城'),
(832, 101120805, '东平'),
(833, 101120806, '宁阳'),
(834, 101120901, '临沂'),
(835, 101120902, '莒南'),
(836, 101120903, '沂南'),
(837, 101120904, '苍山'),
(838, 101120905, '临沭'),
(839, 101120906, '郯城'),
(840, 101120907, '蒙阴'),
(841, 101120908, '平邑'),
(842, 101120909, '费县'),
(843, 101120910, '沂水'),
(844, 101120911, '马站'),
(845, 101121001, '菏泽'),
(846, 101121002, '鄄城'),
(847, 101121003, '郓城'),
(848, 101121004, '东明'),
(849, 101121005, '定陶'),
(850, 101121006, '巨野'),
(851, 101121007, '曹县'),
(852, 101121008, '成武'),
(853, 101121009, '单县'),
(854, 101121101, '滨州'),
(855, 101121102, '博兴'),
(856, 101121103, '无棣'),
(857, 101121104, '阳信'),
(858, 101121105, '惠民'),
(859, 101121106, '沾化'),
(860, 101121107, '邹平'),
(861, 101121201, '东营'),
(862, 101121202, '河口'),
(863, 101121203, '垦利'),
(864, 101121204, '利津'),
(865, 101121205, '广饶'),
(866, 101121301, '威海'),
(867, 101121302, '文登'),
(868, 101121303, '荣成'),
(869, 101121304, '乳山'),
(870, 101121305, '成山头'),
(871, 101121306, '石岛'),
(872, 101121401, '枣庄'),
(873, 101121402, '薛城'),
(874, 101121403, '峄城'),
(875, 101121404, '台儿庄'),
(876, 101121405, '滕州'),
(877, 101121501, '日照'),
(878, 101121502, '五莲'),
(879, 101121503, '莒县'),
(880, 101121601, '莱芜'),
(881, 101121701, '聊城'),
(882, 101121702, '冠县'),
(883, 101121703, '阳谷'),
(884, 101121704, '高唐'),
(885, 101121705, '茌平'),
(886, 101121706, '东阿'),
(887, 101121707, '临清'),
(888, 101121708, '朝城'),
(889, 101130101, '乌鲁木齐'),
(890, 101130102, '蔡家湖'),
(891, 101130103, '小渠子'),
(892, 101130104, '巴仑台'),
(893, 101130105, '达坂城'),
(894, 101130106, '十三间房气象站'),
(895, 101130107, '天山大西沟'),
(896, 101130108, '乌鲁木齐牧试站'),
(897, 101130109, '天池'),
(898, 101130201, '克拉玛依'),
(899, 101130301, '石河子'),
(900, 101130302, '炮台'),
(901, 101130303, '莫索湾'),
(902, 101130304, '乌兰乌苏'),
(903, 101130401, '昌吉'),
(904, 101130402, '呼图壁'),
(905, 101130403, '米泉'),
(906, 101130404, '阜康'),
(907, 101130405, '吉木萨尔'),
(908, 101130406, '奇台'),
(909, 101130407, '玛纳斯'),
(910, 101130408, '木垒'),
(911, 101130409, '北塔山'),
(912, 101130501, '吐鲁番'),
(913, 101130502, '托克逊'),
(914, 101130503, '吐鲁番东坎'),
(915, 101130504, '鄯善'),
(916, 101130505, '红柳河'),
(917, 101130601, '库尔勒'),
(918, 101130602, '轮台'),
(919, 101130603, '尉犁'),
(920, 101130604, '若羌'),
(921, 101130605, '且末'),
(922, 101130606, '和静'),
(923, 101130607, '焉耆'),
(924, 101130608, '和硕'),
(925, 101130609, '库米什'),
(926, 101130610, '巴音布鲁克'),
(927, 101130611, '铁干里克'),
(928, 101130701, '阿拉尔'),
(929, 101130801, '阿克苏'),
(930, 101130802, '乌什'),
(931, 101130803, '温宿'),
(932, 101130804, '拜城'),
(933, 101130805, '新和'),
(934, 101130806, '沙雅'),
(935, 101130807, '库车'),
(936, 101130808, '柯坪'),
(937, 101130809, '阿瓦提'),
(938, 101130901, '喀什'),
(939, 101130902, '英吉沙'),
(940, 101130903, '塔什库尔干'),
(941, 101130904, '麦盖提'),
(942, 101130905, '莎车'),
(943, 101130906, '叶城'),
(944, 101130907, '泽普'),
(945, 101130908, '巴楚'),
(946, 101130909, '岳普湖'),
(947, 101130910, '伽师'),
(948, 101131001, '伊宁'),
(949, 101131002, '察布查尔'),
(950, 101131003, '尼勒克'),
(951, 101131004, '伊宁县'),
(952, 101131005, '巩留'),
(953, 101131006, '新源'),
(954, 101131007, '昭苏'),
(955, 101131008, '特克斯'),
(956, 101131009, '霍城'),
(957, 101131010, '霍尔果斯'),
(958, 101131101, '塔城'),
(959, 101131102, '裕民'),
(960, 101131103, '额敏'),
(961, 101131104, '和布克赛尔'),
(962, 101131105, '托里'),
(963, 101131106, '乌苏'),
(964, 101131107, '沙湾'),
(965, 101131201, '哈密'),
(966, 101131202, '沁城'),
(967, 101131203, '巴里坤'),
(968, 101131204, '伊吾'),
(969, 101131205, '淖毛湖'),
(970, 101131301, '和田'),
(971, 101131302, '皮山'),
(972, 101131303, '策勒'),
(973, 101131304, '墨玉'),
(974, 101131305, '洛浦'),
(975, 101131306, '民丰'),
(976, 101131307, '于田'),
(977, 101131401, '阿勒泰'),
(978, 101131402, '哈巴河'),
(979, 101131403, '一八五团'),
(980, 101131404, '黑山头'),
(981, 101131405, '吉木乃'),
(982, 101131406, '布尔津'),
(983, 101131407, '福海'),
(984, 101131408, '富蕴'),
(985, 101131409, '青河'),
(986, 101131410, '安德河'),
(987, 101131501, '阿图什'),
(988, 101131502, '乌恰'),
(989, 101131503, '阿克陶'),
(990, 101131504, '阿合奇'),
(991, 101131505, '吐尔尕特'),
(992, 101131601, '博乐'),
(993, 101131602, '温泉'),
(994, 101131603, '精河'),
(995, 101131606, '阿拉山口'),
(996, 101140101, '拉萨'),
(997, 101140102, '当雄'),
(998, 101140103, '尼木'),
(999, 101140104, '墨竹贡卡'),
(1000, 101140201, '日喀则'),
(1001, 101140202, '拉孜'),
(1002, 101140203, '南木林'),
(1003, 101140204, '聂拉木'),
(1004, 101140205, '定日'),
(1005, 101140206, '江孜'),
(1006, 101140207, '帕里'),
(1007, 101140301, '山南'),
(1008, 101140302, '贡嘎'),
(1009, 101140303, '琼结'),
(1010, 101140304, '加查'),
(1011, 101140305, '浪卡子'),
(1012, 101140306, '错那'),
(1013, 101140307, '隆子'),
(1014, 101140401, '林芝'),
(1015, 101140402, '波密'),
(1016, 101140403, '米林'),
(1017, 101140404, '察隅'),
(1018, 101140501, '昌都'),
(1019, 101140502, '丁青'),
(1020, 101140503, '类乌齐'),
(1021, 101140504, '洛隆'),
(1022, 101140505, '左贡'),
(1023, 101140506, '芒康'),
(1024, 101140507, '八宿'),
(1025, 101140601, '那曲'),
(1026, 101140603, '嘉黎'),
(1027, 101140604, '班戈'),
(1028, 101140605, '安多'),
(1029, 101140606, '索县'),
(1030, 101140607, '比如'),
(1031, 101140701, '阿里'),
(1032, 101140702, '改则'),
(1033, 101140703, '申扎'),
(1034, 101140704, '狮泉河'),
(1035, 101150101, '西宁'),
(1036, 101150102, '大通'),
(1037, 101150103, '湟源'),
(1038, 101150104, '湟中'),
(1039, 101150105, '铁卜加'),
(1040, 101150106, '铁卜加寺'),
(1041, 101150107, '中心站'),
(1042, 101150201, '海东'),
(1043, 101150202, '乐都'),
(1044, 101150203, '民和'),
(1045, 101150204, '互助'),
(1046, 101150205, '化隆'),
(1047, 101150206, '循化'),
(1048, 101150207, '冷湖'),
(1049, 101150301, '黄南'),
(1050, 101150302, '尖扎'),
(1051, 101150303, '泽库'),
(1052, 101150401, '海南'),
(1053, 101150402, '江西沟'),
(1054, 101150404, '贵德'),
(1055, 101150405, '河卡'),
(1056, 101150406, '兴海'),
(1057, 101150407, '贵南'),
(1058, 101150408, '同德'),
(1059, 101150501, '果洛'),
(1060, 101150502, '班玛'),
(1061, 101150503, '甘德'),
(1062, 101150504, '达日'),
(1063, 101150505, '久治'),
(1064, 101150506, '玛多'),
(1065, 101150507, '清水河'),
(1066, 101150601, '玉树'),
(1067, 101150602, '托托河'),
(1068, 101150603, '治多'),
(1069, 101150604, '杂多'),
(1070, 101150605, '囊谦'),
(1071, 101150606, '曲麻莱'),
(1072, 101150701, '海西'),
(1073, 101150702, '格尔木'),
(1074, 101150703, '察尔汉'),
(1075, 101150704, '野牛沟'),
(1076, 101150705, '五道梁'),
(1077, 101150706, '小灶火'),
(1078, 101150708, '天峻'),
(1079, 101150709, '乌兰'),
(1080, 101150710, '都兰'),
(1081, 101150711, '诺木洪'),
(1082, 101150712, '茫崖'),
(1083, 101150713, '大柴旦'),
(1084, 101150714, '茶卡'),
(1085, 101150715, '香日德'),
(1086, 101150801, '海北'),
(1087, 101150802, '门源'),
(1088, 101150803, '祁连'),
(1089, 101150804, '海晏'),
(1090, 101150805, '托勒'),
(1091, 101160101, '兰州'),
(1092, 101160102, '皋兰'),
(1093, 101160103, '永登'),
(1094, 101160104, '榆中'),
(1095, 101160201, '定西'),
(1096, 101160202, '通渭'),
(1097, 101160203, '陇西'),
(1098, 101160204, '渭源'),
(1099, 101160205, '临洮'),
(1100, 101160206, '漳县'),
(1101, 101160207, '岷县'),
(1102, 101160301, '平凉'),
(1103, 101160302, '泾川'),
(1104, 101160303, '灵台'),
(1105, 101160304, '崇信'),
(1106, 101160305, '华亭'),
(1107, 101160306, '庄浪'),
(1108, 101160307, '静宁'),
(1109, 101160401, '庆阳'),
(1110, 101160402, '西峰'),
(1111, 101160403, '环县'),
(1112, 101160404, '华池'),
(1113, 101160405, '合水'),
(1114, 101160406, '正宁'),
(1115, 101160407, '宁县'),
(1116, 101160408, '镇原'),
(1117, 101160501, '武威'),
(1118, 101160502, '民勤'),
(1119, 101160503, '古浪'),
(1120, 101160504, '乌鞘岭'),
(1121, 101160601, '金昌'),
(1122, 101160602, '永昌'),
(1123, 101160701, '张掖'),
(1124, 101160702, '肃南'),
(1125, 101160703, '民乐'),
(1126, 101160704, '临泽'),
(1127, 101160705, '高台'),
(1128, 101160706, '山丹'),
(1129, 101160801, '酒泉'),
(1130, 101160802, '鼎新'),
(1131, 101160803, '金塔'),
(1132, 101160804, '马鬃山'),
(1133, 101160805, '安西'),
(1134, 101160806, '肃北'),
(1135, 101160807, '玉门镇'),
(1136, 101160808, '敦煌'),
(1137, 101160901, '天水'),
(1138, 101160902, '北道区'),
(1139, 101160903, '清水'),
(1140, 101160904, '秦安'),
(1141, 101160905, '甘谷'),
(1142, 101160906, '武山'),
(1143, 101160907, '张家川'),
(1144, 101161001, '武都'),
(1145, 101161002, '成县'),
(1146, 101161003, '文县'),
(1147, 101161004, '宕昌'),
(1148, 101161005, '康县'),
(1149, 101161006, '西和'),
(1150, 101161007, '礼县'),
(1151, 101161008, '徽县'),
(1152, 101161009, '两当'),
(1153, 101161101, '临夏'),
(1154, 101161102, '康乐'),
(1155, 101161103, '永靖'),
(1156, 101161104, '广河'),
(1157, 101161105, '和政'),
(1158, 101161106, '东乡'),
(1159, 101161201, '合作'),
(1160, 101161202, '临潭'),
(1161, 101161203, '卓尼'),
(1162, 101161204, '舟曲'),
(1163, 101161205, '迭部'),
(1164, 101161206, '玛曲'),
(1165, 101161207, '碌曲'),
(1166, 101161208, '夏河'),
(1167, 101161301, '白银'),
(1168, 101161302, '靖远'),
(1169, 101161303, '会宁'),
(1170, 101161304, '华家岭'),
(1171, 101161305, '景泰'),
(1172, 101170101, '银川'),
(1173, 101170102, '永宁'),
(1174, 101170103, '灵武'),
(1175, 101170104, '贺兰'),
(1176, 101170201, '石嘴山'),
(1177, 101170202, '惠农'),
(1178, 101170203, '平罗'),
(1179, 101170204, '陶乐'),
(1180, 101170205, '石炭井'),
(1181, 101170301, '吴忠'),
(1182, 101170302, '同心'),
(1183, 101170303, '盐池'),
(1184, 101170304, '韦州'),
(1185, 101170305, '麻黄山'),
(1186, 101170306, '青铜峡'),
(1187, 101170401, '固原'),
(1188, 101170402, '西吉'),
(1189, 101170403, '隆德'),
(1190, 101170404, '泾源'),
(1191, 101170405, '六盘山'),
(1192, 101170501, '中卫'),
(1193, 101170502, '中宁'),
(1194, 101170503, '兴仁堡'),
(1195, 101170504, '海原'),
(1196, 101180101, '郑州'),
(1197, 101180102, '巩义'),
(1198, 101180103, '荥阳'),
(1199, 101180104, '登封'),
(1200, 101180105, '新密'),
(1201, 101180106, '新郑'),
(1202, 101180107, '中牟'),
(1203, 101180108, '郑州农试站'),
(1204, 101180201, '安阳'),
(1205, 101180202, '汤阴'),
(1206, 101180203, '滑县'),
(1207, 101180204, '内黄'),
(1208, 101180205, '林州'),
(1209, 101180301, '新乡'),
(1210, 101180302, '获嘉'),
(1211, 101180303, '原阳'),
(1212, 101180304, '辉县'),
(1213, 101180305, '卫辉'),
(1214, 101180306, '延津'),
(1215, 101180307, '封丘'),
(1216, 101180308, '长垣'),
(1217, 101180401, '许昌'),
(1218, 101180402, '鄢陵'),
(1219, 101180403, '襄城'),
(1220, 101180404, '长葛'),
(1221, 101180405, '禹州'),
(1222, 101180501, '平顶山'),
(1223, 101180502, '郏县'),
(1224, 101180503, '宝丰'),
(1225, 101180504, '汝州'),
(1226, 101180505, '叶县'),
(1227, 101180506, '舞钢'),
(1228, 101180507, '鲁山'),
(1229, 101180601, '信阳'),
(1230, 101180602, '息县'),
(1231, 101180603, '罗山'),
(1232, 101180604, '光山'),
(1233, 101180605, '新县'),
(1234, 101180606, '淮滨'),
(1235, 101180607, '潢川'),
(1236, 101180608, '固始'),
(1237, 101180609, '商城'),
(1238, 101180610, '鸡公山'),
(1239, 101180611, '信阳地区农试站'),
(1240, 101180701, '南阳'),
(1241, 101180702, '南召'),
(1242, 101180703, '方城'),
(1243, 101180704, '社旗'),
(1244, 101180705, '西峡'),
(1245, 101180706, '内乡'),
(1246, 101180707, '镇平'),
(1247, 101180708, '淅川'),
(1248, 101180709, '新野'),
(1249, 101180710, '唐河'),
(1250, 101180711, '邓州'),
(1251, 101180712, '桐柏'),
(1252, 101180801, '开封'),
(1253, 101180802, '杞县'),
(1254, 101180803, '尉氏'),
(1255, 101180804, '通许'),
(1256, 101180805, '兰考'),
(1257, 101180901, '洛阳'),
(1258, 101180902, '新安'),
(1259, 101180903, '孟津'),
(1260, 101180904, '宜阳'),
(1261, 101180905, '洛宁'),
(1262, 101180906, '伊川'),
(1263, 101180907, '嵩县'),
(1264, 101180908, '偃师'),
(1265, 101180909, '栾川'),
(1266, 101180910, '汝阳'),
(1267, 101181001, '商丘'),
(1268, 101181002, '睢阳区'),
(1269, 101181003, '睢县'),
(1270, 101181004, '民权'),
(1271, 101181005, '虞城'),
(1272, 101181006, '柘城'),
(1273, 101181007, '宁陵'),
(1274, 101181008, '夏邑'),
(1275, 101181009, '永城'),
(1276, 101181101, '焦作'),
(1277, 101181102, '修武'),
(1278, 101181103, '武陟'),
(1279, 101181104, '沁阳'),
(1280, 101181106, '博爱'),
(1281, 101181107, '温县'),
(1282, 101181108, '孟州'),
(1283, 101181201, '鹤壁'),
(1284, 101181202, '浚县'),
(1285, 101181203, '淇县'),
(1286, 101181301, '濮阳'),
(1287, 101181302, '台前'),
(1288, 101181303, '南乐'),
(1289, 101181304, '清丰'),
(1290, 101181305, '范县'),
(1291, 101181401, '周口'),
(1292, 101181402, '扶沟'),
(1293, 101181403, '太康'),
(1294, 101181404, '淮阳'),
(1295, 101181405, '西华'),
(1296, 101181406, '商水'),
(1297, 101181407, '项城'),
(1298, 101181408, '郸城'),
(1299, 101181409, '鹿邑'),
(1300, 101181410, '沈丘'),
(1301, 101181411, '黄泛区'),
(1302, 101181501, '漯河'),
(1303, 101181502, '临颍'),
(1304, 101181503, '舞阳'),
(1305, 101181601, '驻马店'),
(1306, 101181602, '西平'),
(1307, 101181603, '遂平'),
(1308, 101181604, '上蔡'),
(1309, 101181605, '汝南'),
(1310, 101181606, '泌阳'),
(1311, 101181607, '平舆'),
(1312, 101181608, '新蔡'),
(1313, 101181609, '确山'),
(1314, 101181610, '正阳'),
(1315, 101181701, '三门峡'),
(1316, 101181702, '灵宝'),
(1317, 101181703, '渑池'),
(1318, 101181704, '卢氏'),
(1319, 101181801, '济源'),
(1320, 101190101, '南京'),
(1321, 101190102, '溧水'),
(1322, 101190103, '高淳'),
(1323, 101190104, '江宁'),
(1324, 101190105, '六合'),
(1325, 101190106, '江浦'),
(1326, 101190201, '无锡'),
(1327, 101190202, '江阴'),
(1328, 101190203, '宜兴'),
(1329, 101190301, '镇江'),
(1330, 101190302, '丹阳'),
(1331, 101190303, '扬中'),
(1332, 101190304, '句容'),
(1333, 101190305, '丹徒'),
(1334, 101190401, '苏州'),
(1335, 101190402, '常熟'),
(1336, 101190403, '张家港'),
(1337, 101190404, '昆山'),
(1338, 101190405, '吴县东山'),
(1339, 101190406, '吴县'),
(1340, 101190407, '吴江'),
(1341, 101190408, '太仓'),
(1342, 101190501, '南通'),
(1343, 101190502, '海安'),
(1344, 101190503, '如皋'),
(1345, 101190504, '如东'),
(1346, 101190505, '吕泗'),
(1347, 101190506, '吕泗渔场'),
(1348, 101190507, '启东'),
(1349, 101190508, '海门'),
(1350, 101190601, '扬州'),
(1351, 101190602, '宝应'),
(1352, 101190603, '仪征'),
(1353, 101190604, '高邮'),
(1354, 101190605, '江都'),
(1355, 101190606, '邗江'),
(1356, 101190701, '盐城'),
(1357, 101190702, '响水'),
(1358, 101190703, '滨海'),
(1359, 101190704, '阜宁'),
(1360, 101190705, '射阳'),
(1361, 101190706, '建湖'),
(1362, 101190707, '东台'),
(1363, 101190708, '大丰'),
(1364, 101190709, '盐都'),
(1365, 101190801, '徐州'),
(1366, 101190802, '徐州农试站'),
(1367, 101190803, '丰县'),
(1368, 101190804, '沛县'),
(1369, 101190805, '邳州'),
(1370, 101190806, '睢宁'),
(1371, 101190807, '新沂'),
(1372, 101190901, '淮安'),
(1373, 101190902, '金湖'),
(1374, 101190903, '盱眙'),
(1375, 101190904, '洪泽'),
(1376, 101190905, '涟水'),
(1377, 101190906, '淮阴县'),
(1378, 101190907, '淮阴'),
(1379, 101191001, '连云港'),
(1380, 101191002, '东海'),
(1381, 101191003, '赣榆'),
(1382, 101191004, '灌云'),
(1383, 101191005, '灌南'),
(1384, 101191006, '西连岛'),
(1385, 101191007, '燕尾港'),
(1386, 101191101, '常州'),
(1387, 101191102, '溧阳'),
(1388, 101191103, '金坛'),
(1389, 101191201, '泰州'),
(1390, 101191202, '兴化'),
(1391, 101191203, '泰兴'),
(1392, 101191204, '姜堰'),
(1393, 101191205, '靖江'),
(1394, 101191301, '宿迁'),
(1395, 101191302, '沭阳'),
(1396, 101191303, '泗阳'),
(1397, 101191304, '泗洪'),
(1398, 101200101, '武汉'),
(1399, 101200102, '蔡甸'),
(1400, 101200103, '黄陂'),
(1401, 101200104, '新洲'),
(1402, 101200105, '江夏'),
(1403, 101200201, '襄樊'),
(1404, 101200202, '襄阳'),
(1405, 101200203, '保康'),
(1406, 101200204, '南漳'),
(1407, 101200205, '宜城'),
(1408, 101200206, '老河口'),
(1409, 101200207, '谷城'),
(1410, 101200208, '枣阳'),
(1411, 101200301, '鄂州'),
(1412, 101200401, '孝感'),
(1413, 101200402, '安陆'),
(1414, 101200403, '云梦'),
(1415, 101200404, '大悟'),
(1416, 101200405, '应城'),
(1417, 101200406, '汉川'),
(1418, 101200501, '黄冈'),
(1419, 101200502, '红安'),
(1420, 101200503, '麻城'),
(1421, 101200504, '罗田'),
(1422, 101200505, '英山'),
(1423, 101200506, '浠水'),
(1424, 101200507, '蕲春'),
(1425, 101200508, '黄梅'),
(1426, 101200509, '武穴'),
(1427, 101200601, '黄石'),
(1428, 101200602, '大冶'),
(1429, 101200603, '阳新'),
(1430, 101200701, '咸宁'),
(1431, 101200702, '赤壁'),
(1432, 101200703, '嘉鱼'),
(1433, 101200704, '崇阳'),
(1434, 101200705, '通城'),
(1435, 101200706, '通山'),
(1436, 101200801, '荆州'),
(1437, 101200802, '江陵'),
(1438, 101200803, '公安'),
(1439, 101200804, '石首'),
(1440, 101200805, '监利'),
(1441, 101200806, '洪湖'),
(1442, 101200807, '松滋'),
(1443, 101200901, '宜昌'),
(1444, 101200902, '远安'),
(1445, 101200903, '秭归'),
(1446, 101200904, '兴山'),
(1447, 101200905, '宜昌县'),
(1448, 101200906, '五峰'),
(1449, 101200907, '当阳'),
(1450, 101200908, '长阳'),
(1451, 101200909, '宜都'),
(1452, 101200910, '枝江'),
(1453, 101200911, '三峡'),
(1454, 101201001, '恩施'),
(1455, 101201002, '利川'),
(1456, 101201003, '建始'),
(1457, 101201004, '咸丰'),
(1458, 101201005, '宣恩'),
(1459, 101201006, '鹤峰'),
(1460, 101201007, '来凤'),
(1461, 101201008, '巴东'),
(1462, 101201009, '绿葱坡'),
(1463, 101201101, '十堰'),
(1464, 101201102, '竹溪'),
(1465, 101201103, '郧西'),
(1466, 101201104, '郧县'),
(1467, 101201105, '竹山'),
(1468, 101201106, '房县'),
(1469, 101201107, '丹江口'),
(1470, 101201201, '神农架'),
(1471, 101201301, '随州'),
(1472, 101201302, '广水'),
(1473, 101201401, '荆门'),
(1474, 101201402, '钟祥'),
(1475, 101201403, '京山'),
(1476, 101201501, '天门'),
(1477, 101201601, '仙桃'),
(1478, 101201701, '潜江'),
(1479, 101210101, '杭州'),
(1480, 101210102, '萧山'),
(1481, 101210103, '桐庐'),
(1482, 101210104, '淳安'),
(1483, 101210105, '建德'),
(1484, 101210106, '昌化'),
(1485, 101210107, '临安'),
(1486, 101210108, '富阳'),
(1487, 101210201, '湖州'),
(1488, 101210202, '长兴'),
(1489, 101210203, '安吉'),
(1490, 101210204, '德清'),
(1491, 101210301, '嘉兴'),
(1492, 101210302, '嘉善'),
(1493, 101210303, '海宁'),
(1494, 101210304, '桐乡'),
(1495, 101210305, '平湖'),
(1496, 101210306, '海盐'),
(1497, 101210401, '宁波'),
(1498, 101210403, '慈溪'),
(1499, 101210404, '余姚'),
(1500, 101210405, '奉化'),
(1501, 101210406, '象山'),
(1502, 101210407, '石浦'),
(1503, 101210408, '宁海'),
(1504, 101210409, '鄞县'),
(1505, 101210501, '绍兴'),
(1506, 101210502, '诸暨'),
(1507, 101210503, '上虞'),
(1508, 101210504, '新昌'),
(1509, 101210505, '嵊州'),
(1510, 101210601, '台州'),
(1511, 101210602, '括苍山'),
(1512, 101210603, '玉环'),
(1513, 101210604, '三门'),
(1514, 101210605, '天台'),
(1515, 101210606, '仙居'),
(1516, 101210607, '温岭'),
(1517, 101210608, '大陈'),
(1518, 101210609, '洪家'),
(1519, 101210701, '温州'),
(1520, 101210702, '泰顺'),
(1521, 101210703, '文成'),
(1522, 101210704, '平阳'),
(1523, 101210705, '瑞安'),
(1524, 101210706, '洞头'),
(1525, 101210707, '乐清'),
(1526, 101210708, '永嘉'),
(1527, 101210709, '苍南'),
(1528, 101210801, '丽水'),
(1529, 101210802, '遂昌'),
(1530, 101210803, '龙泉'),
(1531, 101210804, '缙云'),
(1532, 101210805, '青田'),
(1533, 101210806, '云和'),
(1534, 101210807, '庆元'),
(1535, 101210901, '金华'),
(1536, 101210902, '浦江'),
(1537, 101210903, '兰溪'),
(1538, 101210904, '义乌'),
(1539, 101210905, '东阳'),
(1540, 101210906, '武义'),
(1541, 101210907, '永康'),
(1542, 101211001, '衢州'),
(1543, 101211002, '常山'),
(1544, 101211003, '开化'),
(1545, 101211004, '龙游'),
(1546, 101211005, '江山'),
(1547, 101211101, '舟山'),
(1548, 101211102, '嵊泗'),
(1549, 101211103, '嵊山'),
(1550, 101211104, '岱山'),
(1551, 101211105, '普陀'),
(1552, 101220101, '合肥'),
(1553, 101220102, '长丰'),
(1554, 101220103, '肥东'),
(1555, 101220104, '肥西'),
(1556, 101220201, '蚌埠'),
(1557, 101220202, '怀远'),
(1558, 101220203, '固镇'),
(1559, 101220204, '五河'),
(1560, 101220301, '芜湖'),
(1561, 101220302, '繁昌'),
(1562, 101220303, '芜湖县'),
(1563, 101220304, '南陵'),
(1564, 101220401, '淮南'),
(1565, 101220402, '凤台'),
(1566, 101220501, '马鞍山'),
(1567, 101220502, '当涂'),
(1568, 101220601, '安庆'),
(1569, 101220602, '枞阳'),
(1570, 101220603, '太湖'),
(1571, 101220604, '潜山'),
(1572, 101220605, '怀宁'),
(1573, 101220606, '宿松'),
(1574, 101220607, '望江'),
(1575, 101220608, '岳西'),
(1576, 101220609, '桐城'),
(1577, 101220701, '宿州'),
(1578, 101220702, '砀山'),
(1579, 101220703, '灵璧'),
(1580, 101220704, '泗县'),
(1581, 101220705, '萧县'),
(1582, 101220801, '阜阳'),
(1583, 101220802, '阜南'),
(1584, 101220803, '颖上'),
(1585, 101220804, '临泉'),
(1586, 101220805, '界首'),
(1587, 101220806, '太和'),
(1588, 101220901, '亳州'),
(1589, 101220902, '涡阳'),
(1590, 101220903, '利辛'),
(1591, 101220904, '蒙城'),
(1592, 101221001, '黄山站'),
(1593, 101221002, '黄山区'),
(1594, 101221003, '屯溪'),
(1595, 101221004, '祁门'),
(1596, 101221005, '黟县'),
(1597, 101221006, '歙县'),
(1598, 101221007, '休宁'),
(1599, 101221101, '滁州'),
(1600, 101221102, '凤阳'),
(1601, 101221103, '明光'),
(1602, 101221104, '定远'),
(1603, 101221105, '全椒'),
(1604, 101221106, '来安'),
(1605, 101221107, '天长'),
(1606, 101221201, '淮北'),
(1607, 101221202, '濉溪'),
(1608, 101221301, '铜陵'),
(1609, 101221401, '宣城'),
(1610, 101221402, '泾县'),
(1611, 101221403, '旌德'),
(1612, 101221404, '宁国'),
(1613, 101221405, '绩溪'),
(1614, 101221406, '广德'),
(1615, 101221407, '郎溪'),
(1616, 101221501, '六安'),
(1617, 101221502, '霍邱'),
(1618, 101221503, '寿县'),
(1619, 101221504, '南溪'),
(1620, 101221505, '金寨'),
(1621, 101221506, '霍山'),
(1622, 101221507, '舒城'),
(1623, 101221601, '巢湖'),
(1624, 101221602, '庐江'),
(1625, 101221603, '无为'),
(1626, 101221604, '含山'),
(1627, 101221605, '和县'),
(1628, 101221701, '池州'),
(1629, 101221702, '东至'),
(1630, 101221703, '青阳'),
(1631, 101221704, '九华山'),
(1632, 101221705, '石台'),
(1633, 101230101, '福州'),
(1634, 101230102, '闽清'),
(1635, 101230103, '闽侯'),
(1636, 101230104, '罗源'),
(1637, 101230105, '连江'),
(1638, 101230106, '马祖'),
(1639, 101230107, '永泰'),
(1640, 101230108, '平潭'),
(1641, 101230109, '福州郊区'),
(1642, 101230110, '长乐'),
(1643, 101230111, '福清'),
(1644, 101230112, '平潭海峡大桥'),
(1645, 101230201, '厦门'),
(1646, 101230202, '同安'),
(1647, 101230301, '宁德'),
(1648, 101230302, '古田'),
(1649, 101230303, '霞浦'),
(1650, 101230304, '寿宁'),
(1651, 101230305, '周宁'),
(1652, 101230306, '福安'),
(1653, 101230307, '柘荣'),
(1654, 101230308, '福鼎'),
(1655, 101230309, '屏南'),
(1656, 101230401, '莆田'),
(1657, 101230402, '仙游'),
(1658, 101230403, '秀屿港'),
(1659, 101230501, '泉州'),
(1660, 101230502, '安溪'),
(1661, 101230503, '九仙山'),
(1662, 101230504, '永春'),
(1663, 101230505, '德化'),
(1664, 101230506, '南安'),
(1665, 101230507, '崇武'),
(1666, 101230508, '金山'),
(1667, 101230601, '漳州'),
(1668, 101230602, '长泰'),
(1669, 101230603, '南靖'),
(1670, 101230604, '平和'),
(1671, 101230605, '龙海'),
(1672, 101230606, '漳浦'),
(1673, 101230607, '诏安'),
(1674, 101230608, '东山'),
(1675, 101230609, '云霄'),
(1676, 101230610, '华安'),
(1677, 101230701, '龙岩'),
(1678, 101230702, '长汀'),
(1679, 101230703, '连城'),
(1680, 101230704, '武平'),
(1681, 101230705, '上杭'),
(1682, 101230706, '永定'),
(1683, 101230707, '漳平'),
(1684, 101230801, '三明'),
(1685, 101230802, '宁化'),
(1686, 101230803, '清流'),
(1687, 101230804, '泰宁'),
(1688, 101230805, '将乐'),
(1689, 101230806, '建宁'),
(1690, 101230807, '明溪'),
(1691, 101230808, '沙县'),
(1692, 101230809, '尤溪'),
(1693, 101230810, '永安'),
(1694, 101230811, '大田'),
(1695, 101230901, '南平'),
(1696, 101230902, '顺昌'),
(1697, 101230903, '光泽'),
(1698, 101230904, '邵武'),
(1699, 101230905, '武夷山'),
(1700, 101230906, '浦城'),
(1701, 101230907, '建阳'),
(1702, 101230908, '松溪'),
(1703, 101230909, '政和'),
(1704, 101230910, '建瓯'),
(1705, 101240101, '南昌'),
(1706, 101240102, '新建'),
(1707, 101240103, '南昌县'),
(1708, 101240104, '安义'),
(1709, 101240105, '进贤'),
(1710, 101240201, '九江'),
(1711, 101240202, '瑞昌'),
(1712, 101240203, '庐山'),
(1713, 101240204, '武宁'),
(1714, 101240205, '德安'),
(1715, 101240206, '永修'),
(1716, 101240207, '湖口'),
(1717, 101240208, '彭泽'),
(1718, 101240209, '星子'),
(1719, 101240210, '都昌'),
(1720, 101240211, '棠荫'),
(1721, 101240212, '修水'),
(1722, 101240301, '上饶'),
(1723, 101240302, '波阳'),
(1724, 101240303, '婺源'),
(1725, 101240304, '康山'),
(1726, 101240305, '余干'),
(1727, 101240306, '万年'),
(1728, 101240307, '德兴'),
(1729, 101240308, '上饶县'),
(1730, 101240309, '弋阳'),
(1731, 101240310, '横峰'),
(1732, 101240311, '铅山'),
(1733, 101240312, '玉山'),
(1734, 101240313, '广丰'),
(1735, 101240401, '抚州'),
(1736, 101240402, '广昌'),
(1737, 101240403, '乐安'),
(1738, 101240404, '崇仁'),
(1739, 101240405, '金溪'),
(1740, 101240406, '资溪'),
(1741, 101240407, '宜黄'),
(1742, 101240408, '南城'),
(1743, 101240409, '南丰'),
(1744, 101240410, '黎川'),
(1745, 101240411, '东乡'),
(1746, 101240501, '宜春'),
(1747, 101240502, '铜鼓'),
(1748, 101240503, '宜丰'),
(1749, 101240504, '万载'),
(1750, 101240505, '上高'),
(1751, 101240506, '靖安'),
(1752, 101240507, '奉新'),
(1753, 101240508, '高安'),
(1754, 101240509, '樟树'),
(1755, 101240510, '丰城'),
(1756, 101240601, '吉安'),
(1757, 101240602, '吉安县'),
(1758, 101240603, '吉水'),
(1759, 101240604, '新干'),
(1760, 101240605, '峡江'),
(1761, 101240606, '永丰'),
(1762, 101240607, '永新'),
(1763, 101240608, '井冈山'),
(1764, 101240609, '万安'),
(1765, 101240610, '遂川'),
(1766, 101240611, '泰和'),
(1767, 101240612, '安福'),
(1768, 101240613, '宁冈'),
(1769, 101240701, '赣州'),
(1770, 101240702, '崇义'),
(1771, 101240703, '上犹'),
(1772, 101240704, '南康'),
(1773, 101240705, '大余'),
(1774, 101240706, '信丰'),
(1775, 101240707, '宁都'),
(1776, 101240708, '石城'),
(1777, 101240709, '瑞金'),
(1778, 101240710, '于都'),
(1779, 101240711, '会昌'),
(1780, 101240712, '安远'),
(1781, 101240713, '全南'),
(1782, 101240714, '龙南'),
(1783, 101240715, '定南'),
(1784, 101240716, '寻乌'),
(1785, 101240801, '景德镇'),
(1786, 101240802, '乐平'),
(1787, 101240901, '萍乡'),
(1788, 101240902, '莲花'),
(1789, 101241001, '新余'),
(1790, 101241002, '分宜'),
(1791, 101241101, '鹰潭'),
(1792, 101241102, '余江'),
(1793, 101241103, '贵溪'),
(1794, 101250101, '长沙'),
(1795, 101250102, '宁乡'),
(1796, 101250103, '浏阳'),
(1797, 101250104, '马坡岭'),
(1798, 101250201, '湘潭'),
(1799, 101250202, '韶山'),
(1800, 101250203, '湘乡'),
(1801, 101250301, '株洲'),
(1802, 101250302, '攸县'),
(1803, 101250303, '醴陵'),
(1804, 101250304, '株洲县'),
(1805, 101250305, '茶陵'),
(1806, 101250306, '炎陵'),
(1807, 101250401, '衡阳'),
(1808, 101250402, '衡山'),
(1809, 101250403, '衡东'),
(1810, 101250404, '祁东'),
(1811, 101250405, '衡阳县'),
(1812, 101250406, '常宁'),
(1813, 101250407, '衡南'),
(1814, 101250408, '耒阳'),
(1815, 101250409, '南岳'),
(1816, 101250501, '郴州'),
(1817, 101250502, '桂阳'),
(1818, 101250503, '嘉禾'),
(1819, 101250504, '宜章'),
(1820, 101250505, '临武'),
(1821, 101250506, '桥口'),
(1822, 101250507, '资兴'),
(1823, 101250508, '汝城'),
(1824, 101250509, '安仁'),
(1825, 101250510, '永兴'),
(1826, 101250511, '桂东'),
(1827, 101250601, '常德'),
(1828, 101250602, '安乡'),
(1829, 101250603, '桃源'),
(1830, 101250604, '汉寿'),
(1831, 101250605, '澧县'),
(1832, 101250606, '临澧'),
(1833, 101250607, '石门'),
(1834, 101250701, '赫山区'),
(1835, 101250702, '南县'),
(1836, 101250703, '桃江'),
(1837, 101250704, '安化'),
(1838, 101250705, '沅江');
INSERT INTO `ylmf_city_id_name` (`id`, `city_id`, `city_name`) VALUES
(1839, 101250801, '娄底'),
(1840, 101250802, '双峰'),
(1841, 101250803, '冷水江'),
(1842, 101250804, '冷水滩'),
(1843, 101250805, '新化'),
(1844, 101250806, '涟源'),
(1845, 101250901, '邵阳'),
(1846, 101250902, '隆回'),
(1847, 101250903, '洞口'),
(1848, 101250904, '新邵'),
(1849, 101250905, '邵东'),
(1850, 101250906, '绥宁'),
(1851, 101250907, '新宁'),
(1852, 101250908, '武冈'),
(1853, 101250909, '城步'),
(1854, 101250910, '邵阳县'),
(1855, 101251001, '岳阳'),
(1856, 101251002, '华容'),
(1857, 101251003, '湘阴'),
(1858, 101251004, '汨罗'),
(1859, 101251005, '平江'),
(1860, 101251006, '临湘'),
(1861, 101251101, '张家界'),
(1862, 101251102, '桑植'),
(1863, 101251103, '慈利'),
(1864, 101251201, '怀化'),
(1865, 101251202, '鹤城区'),
(1866, 101251203, '沅陵'),
(1867, 101251204, '辰溪'),
(1868, 101251205, '靖州'),
(1869, 101251206, '会同'),
(1870, 101251207, '通道'),
(1871, 101251208, '麻阳'),
(1872, 101251209, '新晃'),
(1873, 101251210, '芷江'),
(1874, 101251211, '溆浦'),
(1875, 101251301, '黔阳'),
(1876, 101251401, '永州'),
(1877, 101251402, '祁阳'),
(1878, 101251403, '东安'),
(1879, 101251404, '双牌'),
(1880, 101251405, '道县'),
(1881, 101251406, '宁远'),
(1882, 101251407, '江永'),
(1883, 101251408, '蓝山'),
(1884, 101251409, '新田'),
(1885, 101251410, '江华'),
(1886, 101251501, '吉首'),
(1887, 101251502, '保靖'),
(1888, 101251503, '永顺'),
(1889, 101251504, '古丈'),
(1890, 101251505, '凤凰'),
(1891, 101251506, '泸溪'),
(1892, 101251507, '龙山'),
(1893, 101251508, '花垣'),
(1894, 101260101, '贵阳'),
(1895, 101260102, '白云'),
(1896, 101260103, '花溪'),
(1897, 101260104, '乌当'),
(1898, 101260105, '息烽'),
(1899, 101260106, '开阳'),
(1900, 101260107, '修文'),
(1901, 101260108, '清镇'),
(1902, 101260201, '遵义'),
(1903, 101260202, '遵义县'),
(1904, 101260203, '仁怀'),
(1905, 101260204, '绥阳'),
(1906, 101260205, '湄潭'),
(1907, 101260206, '凤冈'),
(1908, 101260207, '桐梓'),
(1909, 101260208, '赤水'),
(1910, 101260209, '习水'),
(1911, 101260210, '道真'),
(1912, 101260211, '正安'),
(1913, 101260212, '务川'),
(1914, 101260213, '余庆'),
(1915, 101260301, '安顺'),
(1916, 101260302, '普定'),
(1917, 101260303, '镇宁'),
(1918, 101260304, '平坝'),
(1919, 101260305, '紫云'),
(1920, 101260306, '关岭'),
(1921, 101260401, '都匀'),
(1922, 101260402, '贵定'),
(1923, 101260403, '瓮安'),
(1924, 101260404, '长顺'),
(1925, 101260405, '福泉'),
(1926, 101260406, '惠水'),
(1927, 101260407, '龙里'),
(1928, 101260408, '罗甸'),
(1929, 101260409, '平塘'),
(1930, 101260410, '独山'),
(1931, 101260411, '三都'),
(1932, 101260412, '荔波'),
(1933, 101260501, '凯里'),
(1934, 101260502, '岑巩'),
(1935, 101260503, '施秉'),
(1936, 101260504, '镇远'),
(1937, 101260505, '黄平'),
(1938, 101260506, '黄平旧洲'),
(1939, 101260507, '麻江'),
(1940, 101260508, '丹寨'),
(1941, 101260509, '三穗'),
(1942, 101260510, '台江'),
(1943, 101260511, '剑河'),
(1944, 101260512, '雷山'),
(1945, 101260513, '黎平'),
(1946, 101260514, '天柱'),
(1947, 101260515, '锦屏'),
(1948, 101260516, '榕江'),
(1949, 101260517, '从江'),
(1950, 101260518, '炉山'),
(1951, 101260601, '铜仁'),
(1952, 101260602, '江口'),
(1953, 101260603, '玉屏'),
(1954, 101260604, '万山'),
(1955, 101260605, '思南'),
(1956, 101260606, '塘头'),
(1957, 101260607, '印江'),
(1958, 101260608, '石阡'),
(1959, 101260609, '沿河'),
(1960, 101260610, '德江'),
(1961, 101260611, '松桃'),
(1962, 101260701, '毕节'),
(1963, 101260702, '赫章'),
(1964, 101260703, '金沙'),
(1965, 101260704, '威宁'),
(1966, 101260705, '大方'),
(1967, 101260706, '纳雍'),
(1968, 101260707, '织金'),
(1969, 101260801, '六盘水'),
(1970, 101260802, '六枝'),
(1971, 101260804, '盘县'),
(1972, 101260901, '黔西'),
(1973, 101260902, '晴隆'),
(1974, 101260903, '兴仁'),
(1975, 101260904, '贞丰'),
(1976, 101260905, '望谟'),
(1977, 101260906, '兴义'),
(1978, 101260907, '安龙'),
(1979, 101260908, '册亨'),
(1980, 101260909, '普安'),
(1981, 101270101, '成都'),
(1982, 101270102, '龙泉驿'),
(1983, 101270103, '新都'),
(1984, 101270104, '温江'),
(1985, 101270105, '金堂'),
(1986, 101270106, '双流'),
(1987, 101270107, '郫县'),
(1988, 101270108, '大邑'),
(1989, 101270109, '蒲江'),
(1990, 101270110, '新津'),
(1991, 101270111, '都江堰'),
(1992, 101270112, '彭州'),
(1993, 101270113, '邛崃'),
(1994, 101270114, '崇州'),
(1995, 101270201, '攀枝花'),
(1996, 101270202, '仁和'),
(1997, 101270203, '米易'),
(1998, 101270204, '盐边'),
(1999, 101270301, '自贡'),
(2000, 101270302, '富顺'),
(2001, 101270303, '荣县'),
(2002, 101270401, '绵阳'),
(2003, 101270402, '三台'),
(2004, 101270403, '盐亭'),
(2005, 101270404, '安县'),
(2006, 101270405, '梓潼'),
(2007, 101270406, '北川'),
(2008, 101270407, '平武'),
(2009, 101270408, '江油'),
(2010, 101270501, '南充'),
(2011, 101270502, '南部'),
(2012, 101270503, '营山'),
(2013, 101270504, '蓬安'),
(2014, 101270505, '仪陇'),
(2015, 101270506, '西充'),
(2016, 101270507, '阆中'),
(2017, 101270601, '达州'),
(2018, 101270602, '宣汉'),
(2019, 101270603, '开江'),
(2020, 101270604, '大竹'),
(2021, 101270605, '渠县'),
(2022, 101270606, '万源'),
(2023, 101270701, '遂宁'),
(2024, 101270702, '蓬溪'),
(2025, 101270703, '射洪'),
(2026, 101270801, '广安'),
(2027, 101270802, '岳池'),
(2028, 101270803, '武胜'),
(2029, 101270804, '邻水'),
(2030, 101270901, '巴中'),
(2031, 101270902, '通江'),
(2032, 101270903, '南江'),
(2033, 101270904, '平昌'),
(2034, 101271001, '泸州'),
(2035, 101271003, '泸县'),
(2036, 101271004, '合江'),
(2037, 101271005, '叙永'),
(2038, 101271006, '古蔺'),
(2039, 101271101, '宜宾'),
(2040, 101271102, '宜宾农试站'),
(2041, 101271103, '宜宾县'),
(2042, 101271104, '南溪'),
(2043, 101271105, '江安'),
(2044, 101271106, '长宁'),
(2045, 101271107, '高县'),
(2046, 101271108, '珙县'),
(2047, 101271109, '筠连'),
(2048, 101271110, '兴文'),
(2049, 101271111, '屏山'),
(2050, 101271201, '内江'),
(2051, 101271202, '东兴'),
(2052, 101271203, '威远'),
(2053, 101271204, '资中'),
(2054, 101271205, '隆昌'),
(2055, 101271301, '资阳'),
(2056, 101271302, '安岳'),
(2057, 101271303, '乐至'),
(2058, 101271304, '简阳'),
(2059, 101271401, '乐山'),
(2060, 101271402, '犍为'),
(2061, 101271403, '井研'),
(2062, 101271404, '夹江'),
(2063, 101271405, '沐川'),
(2064, 101271406, '峨边'),
(2065, 101271407, '马边'),
(2066, 101271408, '峨眉'),
(2067, 101271409, '峨眉山'),
(2068, 101271501, '眉山'),
(2069, 101271502, '仁寿'),
(2070, 101271503, '彭山'),
(2071, 101271504, '洪雅'),
(2072, 101271505, '丹棱'),
(2073, 101271506, '青神'),
(2074, 101271601, '凉山'),
(2075, 101271603, '木里'),
(2076, 101271604, '盐源'),
(2077, 101271605, '德昌'),
(2078, 101271606, '会理'),
(2079, 101271607, '会东'),
(2080, 101271608, '宁南'),
(2081, 101271609, '普格'),
(2082, 101271611, '金阳'),
(2083, 101271612, '昭觉'),
(2084, 101271613, '喜德'),
(2085, 101271614, '冕宁'),
(2086, 101271615, '越西'),
(2087, 101271616, '甘洛'),
(2088, 101271617, '雷波'),
(2089, 101271618, '美姑'),
(2090, 101271701, '雅安'),
(2091, 101271702, '名山'),
(2092, 101271703, '荣经'),
(2093, 101271704, '汉源'),
(2094, 101271705, '石棉'),
(2095, 101271706, '天全'),
(2096, 101271707, '芦山'),
(2097, 101271708, '宝兴'),
(2098, 101271801, '甘孜'),
(2099, 101271802, '康定'),
(2100, 101271803, '泸定'),
(2101, 101271804, '丹巴'),
(2102, 101271805, '九龙'),
(2103, 101271806, '雅江'),
(2104, 101271807, '道孚'),
(2105, 101271808, '炉霍'),
(2106, 101271809, '新龙'),
(2107, 101271810, '德格'),
(2108, 101271811, '白玉'),
(2109, 101271812, '石渠'),
(2110, 101271813, '色达'),
(2111, 101271814, '理塘'),
(2112, 101271815, '巴塘'),
(2113, 101271816, '乡城'),
(2114, 101271817, '稻城'),
(2115, 101271818, '得荣'),
(2116, 101271901, '阿坝'),
(2117, 101271902, '汶川'),
(2118, 101271903, '理县'),
(2119, 101271904, '茂县'),
(2120, 101271905, '松潘'),
(2121, 101271906, '九寨沟'),
(2122, 101271907, '金川'),
(2123, 101271908, '小金'),
(2124, 101271909, '黑水'),
(2125, 101271910, '马尔康'),
(2126, 101271911, '壤塘'),
(2127, 101271912, '若尔盖'),
(2128, 101271913, '红原'),
(2129, 101272001, '德阳'),
(2130, 101272002, '中江'),
(2131, 101272003, '广汉'),
(2132, 101272004, '什邡'),
(2133, 101272005, '绵竹'),
(2134, 101272101, '广元'),
(2135, 101272102, '旺苍'),
(2136, 101272103, '青川'),
(2137, 101272104, '剑阁'),
(2138, 101272105, '苍溪'),
(2139, 101280101, '广州'),
(2140, 101280102, '番禺'),
(2141, 101280103, '从化'),
(2142, 101280104, '增城'),
(2143, 101280105, '花都'),
(2144, 101280106, '天河'),
(2145, 101280201, '韶关'),
(2146, 101280202, '乳源'),
(2147, 101280203, '始兴'),
(2148, 101280204, '翁源'),
(2149, 101280205, '乐昌'),
(2150, 101280206, '仁化'),
(2151, 101280207, '南雄'),
(2152, 101280208, '新丰'),
(2153, 101280301, '惠州'),
(2154, 101280302, '博罗'),
(2155, 101280304, '惠东'),
(2156, 101280305, '龙门'),
(2157, 101280401, '梅州'),
(2158, 101280402, '兴宁'),
(2159, 101280403, '蕉岭'),
(2160, 101280404, '大埔'),
(2161, 101280406, '丰顺'),
(2162, 101280407, '平远'),
(2163, 101280408, '五华'),
(2164, 101280501, '汕头'),
(2165, 101280502, '潮阳'),
(2166, 101280503, '澄海'),
(2167, 101280504, '南澳'),
(2168, 101280505, '云澳'),
(2169, 101280506, '南澎岛'),
(2170, 101280601, '深圳'),
(2171, 101280701, '珠海'),
(2172, 101280702, '斗门'),
(2173, 101280703, '黄茅洲'),
(2174, 101280800, '佛山'),
(2175, 101280801, '顺德'),
(2176, 101280802, '三水'),
(2177, 101280803, '南海'),
(2178, 101280901, '肇庆'),
(2179, 101280902, '广宁'),
(2180, 101280903, '四会'),
(2181, 101280905, '德庆'),
(2182, 101280906, '怀集'),
(2183, 101280907, '封开'),
(2184, 101281001, '湛江'),
(2185, 101281002, '吴川'),
(2186, 101281003, '雷州'),
(2187, 101281004, '徐闻'),
(2188, 101281005, '廉江'),
(2189, 101281006, '硇洲'),
(2190, 101281007, '遂溪'),
(2191, 101281101, '江门'),
(2192, 101281103, '开平'),
(2193, 101281104, '新会'),
(2194, 101281105, '恩平'),
(2195, 101281106, '台山'),
(2196, 101281107, '上川岛'),
(2197, 101281201, '河源'),
(2198, 101281202, '紫金'),
(2199, 101281203, '连平'),
(2200, 101281204, '和平'),
(2201, 101281205, '龙川'),
(2202, 101281301, '清远'),
(2203, 101281302, '连南'),
(2204, 101281303, '连州'),
(2205, 101281304, '连山'),
(2206, 101281305, '阳山'),
(2207, 101281306, '佛冈'),
(2208, 101281307, '英德'),
(2209, 101281401, '云浮'),
(2210, 101281402, '罗定'),
(2211, 101281403, '新兴'),
(2212, 101281404, '郁南'),
(2213, 101281501, '潮州'),
(2214, 101281502, '饶平'),
(2215, 101281601, '东莞'),
(2216, 101281701, '中山'),
(2217, 101281801, '阳江'),
(2218, 101281802, '阳春'),
(2219, 101281901, '揭阳'),
(2220, 101281902, '揭西'),
(2221, 101281903, '普宁'),
(2222, 101281904, '惠来'),
(2223, 101282001, '茂名'),
(2224, 101282002, '高州'),
(2225, 101282003, '化州'),
(2226, 101282004, '电白'),
(2227, 101282005, '信宜'),
(2228, 101282101, '汕尾'),
(2229, 101282102, '海丰'),
(2230, 101282103, '陆丰'),
(2231, 101282104, '遮浪'),
(2232, 101282105, '东沙岛'),
(2233, 101290101, '昆明'),
(2234, 101290102, '昆明农试站'),
(2235, 101290103, '东川'),
(2236, 101290104, '寻甸'),
(2237, 101290105, '晋宁'),
(2238, 101290106, '宜良'),
(2239, 101290107, '石林'),
(2240, 101290108, '呈贡'),
(2241, 101290109, '富民'),
(2242, 101290110, '嵩明'),
(2243, 101290111, '禄劝'),
(2244, 101290112, '安宁'),
(2245, 101290113, '太华山'),
(2246, 101290114, '河口'),
(2247, 101290201, '大理'),
(2248, 101290202, '云龙'),
(2249, 101290203, '漾鼻'),
(2250, 101290204, '永平'),
(2251, 101290205, '宾川'),
(2252, 101290206, '弥渡'),
(2253, 101290207, '祥云'),
(2254, 101290208, '魏山'),
(2255, 101290209, '剑川'),
(2256, 101290210, '洱源'),
(2257, 101290211, '鹤庆'),
(2258, 101290212, '南涧'),
(2259, 101290301, '红河'),
(2260, 101290302, '石屏'),
(2261, 101290303, '建水'),
(2262, 101290304, '弥勒'),
(2263, 101290305, '元阳'),
(2264, 101290306, '绿春'),
(2265, 101290307, '开远'),
(2266, 101290308, '个旧'),
(2267, 101290309, '蒙自'),
(2268, 101290310, '屏边'),
(2269, 101290311, '泸西'),
(2270, 101290312, '金平'),
(2271, 101290401, '曲靖'),
(2272, 101290402, '沾益'),
(2273, 101290403, '陆良'),
(2274, 101290404, '富源'),
(2275, 101290405, '马龙'),
(2276, 101290406, '师宗'),
(2277, 101290407, '罗平'),
(2278, 101290408, '会泽'),
(2279, 101290409, '宣威'),
(2280, 101290501, '保山'),
(2281, 101290502, '富宁'),
(2282, 101290503, '龙陵'),
(2283, 101290504, '施甸'),
(2284, 101290505, '昌宁'),
(2285, 101290506, '腾冲'),
(2286, 101290601, '文山'),
(2287, 101290602, '西畴'),
(2288, 101290603, '马关'),
(2289, 101290604, '麻栗坡'),
(2290, 101290605, '砚山'),
(2291, 101290606, '邱北'),
(2292, 101290607, '广南'),
(2293, 101290701, '玉溪'),
(2294, 101290702, '澄江'),
(2295, 101290703, '江川'),
(2296, 101290704, '通海'),
(2297, 101290705, '华宁'),
(2298, 101290706, '新平'),
(2299, 101290707, '易门'),
(2300, 101290708, '峨山'),
(2301, 101290709, '元江'),
(2302, 101290801, '楚雄'),
(2303, 101290802, '大姚'),
(2304, 101290803, '元谋'),
(2305, 101290804, '姚安'),
(2306, 101290805, '牟定'),
(2307, 101290806, '南华'),
(2308, 101290807, '武定'),
(2309, 101290808, '禄丰'),
(2310, 101290809, '双柏'),
(2311, 101290810, '永仁'),
(2312, 101290901, '思茅'),
(2313, 101290902, '景谷'),
(2314, 101290903, '景东'),
(2315, 101290904, '澜沧'),
(2316, 101290905, '普洱'),
(2317, 101290906, '墨江'),
(2318, 101290907, '江城'),
(2319, 101290908, '孟连'),
(2320, 101290909, '西盟'),
(2321, 101290910, '镇源'),
(2322, 101291001, '昭通'),
(2323, 101291002, '鲁甸'),
(2324, 101291003, '彝良'),
(2325, 101291004, '镇雄'),
(2326, 101291005, '威信'),
(2327, 101291006, '巧家'),
(2328, 101291007, '绥江'),
(2329, 101291008, '永善'),
(2330, 101291009, '盐津'),
(2331, 101291010, '大观'),
(2332, 101291101, '临沧'),
(2333, 101291102, '沧源'),
(2334, 101291103, '耿马'),
(2335, 101291104, '双江'),
(2336, 101291105, '凤庆'),
(2337, 101291106, '永德'),
(2338, 101291107, '云县'),
(2339, 101291108, '镇康'),
(2340, 101291201, '怒江'),
(2341, 101291203, '福贡'),
(2342, 101291204, '兰坪'),
(2343, 101291205, '泸水'),
(2344, 101291206, '六库'),
(2345, 101291301, '香格里拉'),
(2346, 101291302, '德钦'),
(2347, 101291303, '维西'),
(2348, 101291401, '丽江'),
(2349, 101291402, '永胜'),
(2350, 101291403, '华坪'),
(2351, 101291404, '宁蒗'),
(2352, 101291501, '德宏'),
(2353, 101291502, '潞江坝'),
(2354, 101291503, '陇川'),
(2355, 101291504, '盈江'),
(2356, 101291505, '畹町镇'),
(2357, 101291506, '瑞丽'),
(2358, 101291507, '梁河'),
(2359, 101291601, '景洪'),
(2360, 101291602, '大勐龙'),
(2361, 101291603, '勐海'),
(2362, 101291604, '景洪电站'),
(2363, 101291605, '猛腊'),
(2364, 101300101, '南宁'),
(2365, 101300103, '邕宁'),
(2366, 101300104, '横县'),
(2367, 101300105, '隆安'),
(2368, 101300106, '马山'),
(2369, 101300107, '上林'),
(2370, 101300108, '武鸣'),
(2371, 101300109, '宾阳'),
(2372, 101300110, '硕龙'),
(2373, 101300201, '崇左'),
(2374, 101300202, '天等'),
(2375, 101300203, '龙州'),
(2376, 101300204, '凭祥'),
(2377, 101300205, '大新'),
(2378, 101300206, '扶绥'),
(2379, 101300207, '宁明'),
(2380, 101300208, '海渊'),
(2381, 101300301, '柳州'),
(2382, 101300302, '柳城'),
(2383, 101300303, '沙塘'),
(2384, 101300304, '鹿寨'),
(2385, 101300305, '柳江'),
(2386, 101300306, '融安'),
(2387, 101300307, '融水'),
(2388, 101300308, '三江'),
(2389, 101300401, '来宾'),
(2390, 101300402, '忻城'),
(2391, 101300403, '金秀'),
(2392, 101300404, '象州'),
(2393, 101300405, '武宣'),
(2394, 101300501, '桂林'),
(2395, 101300502, '桂林农试站'),
(2396, 101300503, '龙胜'),
(2397, 101300504, '永福'),
(2398, 101300505, '临桂'),
(2399, 101300506, '兴安'),
(2400, 101300507, '灵川'),
(2401, 101300508, '全州'),
(2402, 101300509, '灌阳'),
(2403, 101300510, '阳朔'),
(2404, 101300511, '恭城'),
(2405, 101300512, '平乐'),
(2406, 101300513, '荔浦'),
(2407, 101300514, '资源'),
(2408, 101300601, '梧州'),
(2409, 101300602, '藤县'),
(2410, 101300603, '太平'),
(2411, 101300604, '苍梧'),
(2412, 101300605, '蒙山'),
(2413, 101300606, '岑溪'),
(2414, 101300701, '贺州'),
(2415, 101300702, '昭平'),
(2416, 101300703, '富川'),
(2417, 101300704, '钟山'),
(2418, 101300705, '信都'),
(2419, 101300801, '贵港'),
(2420, 101300802, '桂平'),
(2421, 101300803, '平南'),
(2422, 101300901, '玉林'),
(2423, 101300902, '博白'),
(2424, 101300903, '北流'),
(2425, 101300904, '容县'),
(2426, 101300905, '陆川'),
(2427, 101301001, '百色'),
(2428, 101301002, '那坡'),
(2429, 101301003, '田阳'),
(2430, 101301004, '德保'),
(2431, 101301005, '靖西'),
(2432, 101301006, '田东'),
(2433, 101301007, '平果'),
(2434, 101301008, '隆林'),
(2435, 101301009, '西林'),
(2436, 101301010, '乐业'),
(2437, 101301011, '凌云'),
(2438, 101301012, '田林'),
(2439, 101301101, '钦州'),
(2440, 101301102, '浦北'),
(2441, 101301103, '灵山'),
(2442, 101301201, '河池'),
(2443, 101301202, '天峨'),
(2444, 101301203, '东兰'),
(2445, 101301204, '巴马'),
(2446, 101301205, '环江'),
(2447, 101301206, '罗城'),
(2448, 101301207, '宜州'),
(2449, 101301208, '凤山'),
(2450, 101301209, '南丹'),
(2451, 101301210, '都安'),
(2452, 101301301, '北海'),
(2453, 101301302, '合浦'),
(2454, 101301303, '涠洲岛'),
(2455, 101301401, '防城港'),
(2456, 101301402, '上思'),
(2457, 101301403, '东兴'),
(2458, 101301404, '板栏'),
(2459, 101301405, '防城'),
(2460, 101310101, '海口'),
(2461, 101310102, '琼山'),
(2462, 101310201, '三亚'),
(2463, 101310202, '东方'),
(2464, 101310203, '临高'),
(2465, 101310204, '澄迈'),
(2466, 101310205, '儋州'),
(2467, 101310206, '昌江'),
(2468, 101310207, '白沙'),
(2469, 101310208, '琼中'),
(2470, 101310209, '定安'),
(2471, 101310210, '屯昌'),
(2472, 101310211, '琼海'),
(2473, 101310212, '文昌'),
(2474, 101310213, '清兰'),
(2475, 101310214, '保亭'),
(2476, 101310215, '万宁'),
(2477, 101310216, '陵水'),
(2478, 101310217, '西沙'),
(2479, 101310218, '珊瑚岛'),
(2480, 101310219, '永署礁'),
(2481, 101310220, '南沙岛'),
(2482, 101310221, '乐东'),
(2483, 101310222, '通什'),
(2484, 101320101, '香港'),
(2485, 101320102, '九龙'),
(2486, 101320103, '新界'),
(2487, 101320104, '中环'),
(2488, 101320105, '铜锣湾'),
(2489, 101330101, '澳门'),
(2490, 101340101, '台北县'),
(2491, 101340102, '台北市'),
(2492, 101340201, '高雄'),
(2493, 101340202, '东港'),
(2494, 101340203, '大武'),
(2495, 101340204, '恒春'),
(2496, 101340205, '兰屿'),
(2497, 101340301, '台南'),
(2498, 101340401, '台中'),
(2499, 101340501, '桃园'),
(2500, 101340601, '新竹县'),
(2501, 101340602, '新竹市'),
(2502, 101340603, '公馆'),
(2503, 101340701, '宜兰'),
(2504, 101340801, '马公'),
(2505, 101340802, '东吉屿'),
(2506, 101340901, '嘉义'),
(2507, 101340902, '阿里山'),
(2508, 101340903, '玉山'),
(2509, 101340904, '新港'),
(2510, 101341001, '花莲'),
(2511, 101341101, '台东'),
(2512, 101341201, '彭佳屿');

CREATE TABLE IF NOT EXISTS `ylmf_city_mingzhan` (
  `id` int(11) NOT NULL auto_increment,
  `name` char(255) NOT NULL default '',
  `url` text NOT NULL,
  `cityclass_id` int(11) NOT NULL default '0',
  `displayorder` int(11) NOT NULL default '100',
  `starttime` int(10) NOT NULL,
  `endtime` int(10) NOT NULL,
  `namecolor` char(7) NOT NULL,
  `inindex` tinyint(1) NOT NULL default '1',
  `remark` text NOT NULL,
  PRIMARY KEY  (`id`),
  KEY `class` (`cityclass_id`)
) ENGINE=MyISAM  DEFAULT CHARSET=gbk AUTO_INCREMENT=107 ;

INSERT INTO `ylmf_city_mingzhan` (`id`, `name`, `url`, `cityclass_id`, `displayorder`, `starttime`, `endtime`, `namecolor`, `inindex`, `remark`) VALUES
(9, '上海热线', 'http://www.online.sh.cn/', 1, 1, 0, 0, '', 1, ''),
(10, '上海世博', 'http://www.expo2010.cn/', 1, 2, 0, 0, '', 1, ''),
(11, '东方网', 'http://www.eastday.com/', 1, 3, 0, 0, '', 1, ''),
(12, '宽带山', 'http://www.kdslife.com/', 1, 4, 0, 0, '', 1, ''),
(13, '新民网', 'http://www.xinmin.cn/', 1, 5, 0, 0, '', 1, ''),
(14, '解放牛网', 'http://www.jfdaily.com/', 1, 6, 0, 0, '', 0, ''),
(15, '上海广播电视台', 'http://www.smg.cn/', 1, 7, 0, 0, '', 0, ''),
(16, '东方卫士', 'http://www.dragontv.cn/', 1, 8, 0, 0, '', 0, ''),
(17, '丁丁网', 'http://www.ddmap.com/', 1, 9, 0, 0, '', 0, ''),
(18, '上海青年社区', 'http://www.why.com.cn/', 1, 10, 0, 0, '', 0, ''),
(19, '上海金融报', 'http://www.shfinancialnews.com/', 1, 11, 0, 0, '', 0, ''),
(20, '篱笆网', 'http://www.liba.com/1', 1, 12, 0, 0, '', 0, ''),
(21, '东方早报', 'http://www.dfdaily.com/', 1, 13, 0, 0, '', 0, ''),
(22, '金山在线', 'http://www.spc365.com/', 1, 14, 0, 0, '', 0, ''),
(23, '东方宽频', 'http://www.smgbb.cn/', 1, 15, 0, 0, '', 0, ''),
(24, '58同城', 'http://sh.58.com/', 1, 16, 0, 0, '', 0, ''),
(25, '上海旅游网', 'http://www.shanghaitour.net/', 1, 17, 0, 0, '', 0, ''),
(26, '上海旅游局', 'http://lyw.sh.gov.cn/', 1, 18, 0, 0, '', 0, ''),
(27, '大上海人才网', 'http://www.dshrc.com/', 1, 19, 0, 0, '', 0, ''),
(28, '上海地铁', 'http://www.shmetro.com/', 1, 20, 0, 0, '', 0, ''),
(60, '深圳之窗', 'http://www.sz.net.cn/', 5, 2, 0, 0, '', 1, ''),
(30, '上海地图', 'http://map.baidu.com/?newmap=1&s=s%26wd%3D%E4%B8%8A%E6%B5%B7%E5%B8%82%26c%3D289&fr=alab0', 1, 21, 0, 0, '', 1, ''),
(31, '移动网上', 'http://www.sh.10086.cn/', 1, 22, 0, 0, '', 1, ''),
(32, '联通网上', 'http://www.sh.chinaunicom.com/', 1, 23, 0, 0, '', 1, ''),
(33, '电信网上', 'http://sh.ct10000.com/', 1, 24, 0, 0, '', 1, ''),
(34, '广州视窗', 'http://www.gznet.com/', 3, 1, 0, 0, '', 1, ''),
(35, '大 洋 网', 'http://www.dayoo.com/', 3, 2, 0, 0, '', 1, ''),
(36, '广州亚运会', 'http://www.gz2010.cn/', 3, 3, 0, 0, '', 1, ''),
(37, '广州日报', 'http://gzdaily.dayoo.com/', 3, 4, 0, 0, '', 1, ''),
(38, '羊城晚报', 'http://www.ycwb.com/ePaper/ycwb/', 3, 5, 0, 0, '', 1, ''),
(39, '南方报网', 'http://www.nfdaily.cn/', 3, 6, 0, 0, '', 1, ''),
(40, '南 方 网', 'http://www.southcn.com/', 3, 7, 0, 0, '', 0, ''),
(41, '金 羊 网', 'http://www.ycwb.com/', 3, 8, 0, 0, '', 0, ''),
(42, '广 州 网', 'http://www.020.com/', 3, 9, 0, 0, '', 0, ''),
(43, '广 视 网', 'http://www.gztv.com/', 3, 10, 0, 0, '', 0, ''),
(44, '天 韵 网', 'http://www.goofm.com/', 3, 11, 0, 0, '', 0, ''),
(45, '广州政府网', 'http://www.gz.gov.cn/', 3, 12, 0, 0, '', 0, ''),
(46, '广州市公安局', 'http://www.gzjd.gov.cn/', 3, 13, 0, 0, '', 0, ''),
(47, '广东电视台', 'http://www.gdtv.com.cn/', 3, 14, 0, 0, '', 0, ''),
(48, '南方电视台', 'http://www.tvscn.com/', 3, 15, 0, 0, '', 0, ''),
(49, '广州银行', 'http://www.gzcb.com.cn/', 3, 16, 0, 0, '', 0, ''),
(50, '广州旅游网', 'http://www.visitgz.com/', 3, 17, 0, 0, '', 0, ''),
(51, '广州人才网', 'http://www.020job.com/', 3, 18, 0, 0, '', 0, ''),
(52, '中国政府网', 'http://www.gov.cn/', 3, 19, 0, 0, '', 0, ''),
(53, '广州地铁', 'http://www.gzmtr.com/', 3, 20, 0, 0, '', 0, ''),
(54, '广州地图', 'http://map.baidu.com/?newmap=1&s=s%26wd%3D%E5%B9%BF%E5%B7%9E%E5%B8%82%26c%3D257&fr=alab0', 3, 21, 0, 0, '', 0, ''),
(55, '移动网上', 'http://gd.10086.cn/guangzhou/', 3, 22, 0, 0, '', 0, ''),
(56, '联通网上', 'http://info.10010.com/lt/plugin/portal/arealevel/queryCityInfo.do?arno=000100040001', 3, 23, 0, 0, '', 0, ''),
(57, '电信网上', 'http://gd.ct10000.com/gz/', 3, 24, 0, 0, '', 0, ''),
(58, '广州新闻中心', 'http://www.gznews.gov.cn/', 3, 20, 0, 0, '', 0, ''),
(59, '深圳新闻网', 'http://www.sznews.com/', 5, 1, 0, 0, '', 1, ''),
(61, '深圳政府在线', 'http://www.sz.gov.cn/cn/', 5, 3, 0, 0, '', 1, ''),
(62, '深圳热线', 'http://www.szonline.net/', 5, 4, 0, 0, '', 1, ''),
(63, '深港在线', 'http://www.szhk.com/', 5, 5, 0, 0, '', 1, ''),
(64, '深圳信息港', 'http://www.szinfo.com/', 5, 6, 0, 0, '', 1, ''),
(65, '深圳在线', 'http://www.szol.net/', 5, 7, 0, 0, '', 1, ''),
(66, '深圳电视台', 'http://www.sztv.com.cn/', 5, 8, 0, 0, '', 0, ''),
(67, '奥一网', 'http://www.oeeee.com/', 5, 9, 0, 0, '', 0, ''),
(68, '磨房', 'http://www.doyouhike.net/', 5, 10, 0, 0, '', 0, ''),
(69, '深圳房地产', 'http://www.szhome.com/', 5, 11, 0, 0, '', 0, ''),
(70, '深圳公安局', 'http://www.szga.gov.cn/', 5, 12, 0, 0, '', 0, ''),
(71, '深圳广播', 'http://www.szr.com.cn/', 5, 13, 0, 0, '', 0, ''),
(72, '龙岗新闻网', 'http://www.szlgnews.com/', 5, 14, 0, 0, '', 0, ''),
(73, '深圳旅游网', 'http://www.shenzhentour.com/', 5, 15, 0, 0, '', 0, ''),
(74, '58同城', 'http://sz.58.com/', 5, 16, 0, 0, '', 0, ''),
(75, '深圳本地宝', 'http://sz.bendibao.com/', 5, 17, 0, 0, '', 0, ''),
(76, '深圳IT网', 'http://www.szit.com.cn/', 5, 18, 0, 0, '', 0, ''),
(77, '深圳人才网', 'http://www.szhr.com.cn/', 5, 19, 0, 0, '', 0, ''),
(78, '深圳地铁', 'http://www.szmc.net/', 5, 20, 0, 0, '', 0, ''),
(79, '深圳地图', 'http://map.baidu.com/?newmap=1&s=s%26wd%3D%E6%B7%B1%E5%9C%B3%E5%B8%82%26c%3D340&fr=alab0', 5, 21, 0, 0, '', 0, ''),
(80, '移动网上', 'http://gd.10086.cn/shenzhen/', 5, 22, 0, 0, '', 0, ''),
(81, '联通网上', 'http://info2.10010.com/lt/plugin/portal/arealevel/queryCityInfo.do?id=1677&arno=000100040002', 5, 23, 0, 0, '', 0, ''),
(82, '电信网上', 'http://gd.ct10000.com/sz/', 5, 24, 0, 0, '', 0, ''),
(83, '首都之窗', 'http://www.beijing.gov.cn/', 10, 1, 0, 0, '', 1, ''),
(84, '北京网', 'http://www.beijing.cn/', 10, 2, 0, 0, '', 1, ''),
(85, '千龙网', 'http://www.qianlong.com/', 10, 3, 0, 0, '', 1, ''),
(86, 'CNTV', 'http://www.cntv.cn/', 10, 4, 0, 0, '', 1, ''),
(87, '北京宽带网', 'http://www.bbn.com.cn/', 10, 5, 0, 0, '', 1, ''),
(88, '京报网', 'http://www.bjd.com.cn/', 10, 6, 0, 0, '', 1, ''),
(89, '新华网北京', 'http://www.bj.xinhuanet.com/', 10, 7, 0, 0, '', 1, ''),
(90, '人民网北京', 'http://bj.people.com.cn/GB/index.html', 10, 8, 0, 0, '', 1, ''),
(91, '北京广播网', 'http://www.rbc.cn/', 10, 9, 0, 0, '', 1, ''),
(92, '北京电视台', 'http://www.btv.com.cn/', 10, 10, 0, 0, '', 1, ''),
(93, '新京报', 'http://www.bjnews.com.cn/', 10, 11, 0, 0, '', 1, ''),
(94, '北京晨报', 'http://www.morningpost.com.cn/', 10, 12, 0, 0, '', 1, ''),
(95, '北青网', 'http://www.ynet.com/', 10, 13, 0, 0, '', 1, ''),
(96, '北京周报', 'http://www.beijingreview.com.cn/', 10, 14, 0, 0, '', 1, ''),
(97, '光明网', 'http://www.gmw.cn/', 10, 15, 0, 0, '', 1, ''),
(98, '京华网', 'http://www.jinghua.cn/', 10, 16, 0, 0, '', 1, ''),
(99, '58同城', 'http://bj.58.com/', 10, 17, 0, 0, '', 1, ''),
(100, '北京旅游网', 'http://www.bjta.gov.cn/', 10, 18, 0, 0, '', 1, ''),
(101, '北京人才网', 'http://www.bjrc.com/', 10, 19, 0, 0, '', 1, ''),
(102, '北京地铁', 'http://www.bjsubway.com/', 10, 20, 0, 0, '', 1, ''),
(103, '北京地图', 'http://map.baidu.com/?newmap=1&s=s%26wd%3D%E5%8C%97%E4%BA%AC%E5%B8%82%26c%3D131&fr=alab0', 10, 21, 0, 0, '', 1, ''),
(104, '移动网上', 'http://www.bj.10086.cn/', 10, 22, 0, 0, '', 1, ''),
(105, '联通网上', 'http://www.bj.chinaunicom.com/', 10, 23, 0, 0, '', 1, ''),
(106, '电信网上', 'http://www.bjtelecom.net/', 10, 24, 0, 0, '', 1, '');


CREATE TABLE IF NOT EXISTS `ylmf_index_tool` (
  `id` int(11) unsigned NOT NULL auto_increment,
  `name` varchar(50) NOT NULL,
  `url` varchar(255) NOT NULL,
  `order` int(3) NOT NULL,
  `color` varchar(10) NOT NULL,
  PRIMARY KEY  (`id`)
) ENGINE=MyISAM  DEFAULT CHARSET=gbk AUTO_INCREMENT=19 ;


INSERT INTO `ylmf_index_tool` (`id`, `name`, `url`, `order`, `color`) VALUES
(1, 'YLMF论坛', 'http://bbs.ylmf.net/', 1, ''),
(2, '免费网盘', 'http://u.115.com/?114la', 2, ''),
(3, '天气预报', 'http://tool.114la.com/tianqi/', 3, ''),
(4, '网速测试', 'http://tool.114la.com/live/speed/', 4, ''),
(5, '北京时间', 'http://116.com/s?q=北京时间', 5, ''),
(6, '万 年 历', 'http://tool.114la.com/live/calendar/', 6, ''),
(7, '彩票开奖', 'http://tool.114la.com/live/caipiao/', 7, ''),
(8, '在线翻译', 'http://tool.114la.com/live/fanyi/', 8, ''),
(9, '手机位置', 'http://tool.114la.com/shouji/', 9, ''),
(10, '列车时刻', 'http://tool.114la.com/live/huoche/', 10, ''),
(11, '公交查询', 'http://tool.114la.com/bus/', 11, ''),
(12, '交通违章', 'http://tool.114la.com/live/car/', 12, ''),
(13, '外汇牌价', 'http://tool.114la.com/finance/rate/', 13, ''),
(14, '身 份 证', 'http://tool.114la.com/live/idcard/', 14, ''),
(15, 'IP 地址', 'http://tool.114la.com/ip/', 15, ''),
(16, '快递查询', 'http://tool.114la.com/live/express/', 16, ''),
(17, '酒店预订', 'http://hotel.kuxun.cn/?fromid=Klh-S1134481-T1168071', 17, ''),
(18, '打折机票', 'http://jipiao.kuxun.cn/?fromid=Klh-S1134481-T1076471', 18, '');


CREATE TABLE IF NOT EXISTS `ylmf_zhuanti` (
  `id` int(11) NOT NULL auto_increment,
  `name` varchar(255) NOT NULL default '',
  `displayorder` int(11) NOT NULL default '100',
  `inindex` tinyint(1) NOT NULL default '1',
  `path` varchar(255) NOT NULL,
  `template` varchar(50) NOT NULL,
  PRIMARY KEY  (`id`)
) ENGINE=MyISAM  DEFAULT CHARSET=gbk AUTO_INCREMENT=7 ;

INSERT INTO `ylmf_zhuanti` (`id`, `name`, `displayorder`, `inindex`, `path`, `template`) VALUES
(1, '单机游戏', 1, 1, 'game', ''),
(2, '网络游戏', 2, 1, 'webgame', ''),
(6, '站长工具', 3, 1, 'zhangzhuang', '');


CREATE TABLE IF NOT EXISTS `ylmf_zhuanticlass` (
  `id` int(11) NOT NULL auto_increment,
  `zhuanti` int(11) NOT NULL,
  `name` varchar(255) NOT NULL default '',
  `displayorder` int(11) NOT NULL default '100',
  `inindex` tinyint(1) NOT NULL default '0',
  `url` varchar(255) NOT NULL default '',
  PRIMARY KEY  (`id`)
) ENGINE=MyISAM  DEFAULT CHARSET=gbk AUTO_INCREMENT=126 ;


INSERT INTO `ylmf_zhuanticlass` (`id`, `zhuanti`, `name`, `displayorder`, `inindex`, `url`) VALUES
(11, 2, '魔兽世界', 1, 1, ''),
(13, 2, '泡泡堂', 14, 0, ''),
(14, 2, '街头篮球', 15, 0, ''),
(15, 2, '梦幻西游', 4, 1, ''),
(16, 2, '跑跑卡丁车', 11, 1, ''),
(17, 2, '热血传奇', 22, 0, ''),
(18, 2, '劲舞团', 10, 1, ''),
(19, 2, 'QQ幻想', 16, 0, ''),
(20, 2, '热血江湖', 9, 1, ''),
(21, 2, '征途', 23, 0, ''),
(22, 1, '红色警戒', 2, 1, ''),
(23, 2, '惊天动地', 25, 0, ''),
(24, 2, '浩方对战平台', 19, 0, ''),
(25, 2, '反恐精英CS', 13, 1, ''),
(26, 1, '魔兽争霸', 2, 1, ''),
(27, 2, '《问道》', 7, 1, ''),
(44, 1, '休闲小游戏', 15, 0, ''),
(39, 2, '天龙八部', 1, 1, ''),
(40, 2, '武林外传', 24, 0, ''),
(41, 1, '连连看', 10, 1, ''),
(42, 2, '《诛仙》', 5, 0, ''),
(43, 2, '冒险岛', 31, 0, ''),
(45, 1, '化妆游戏', 14, 0, ''),
(46, 1, '做饭游戏', 13, 1, ''),
(47, 1, 'PSP掌机', 9, 1, ''),
(48, 1, '极品飞车', 6, 1, ''),
(49, 1, '暗黑破坏神II', 3, 1, ''),
(50, 1, '侠盗飞车', 8, 1, ''),
(51, 1, '祖玛/泡泡龙', 12, 1, ''),
(52, 1, '足球 FIFA', 5, 1, ''),
(53, 1, '超级玛丽', 11, 1, ''),
(54, 1, '帝国时代', 4, 1, ''),
(58, 2, '功夫小子', 26, 0, ''),
(59, 1, '仙剑奇侠传', 7, 0, ''),
(60, 1, '斗地主', 100, 0, ''),
(62, 1, '其它游戏', 100, 0, ''),
(74, 2, '千年', 27, 0, ''),
(78, 2, '地下城与勇士', 3, 1, ''),
(79, 2, '热血三国', 18, 0, ''),
(80, 2, '寻仙', 21, 0, ''),
(81, 2, '穿越火线', 8, 1, ''),
(82, 2, 'DOTA', 17, 0, ''),
(83, 2, '传奇外传', 6, 1, ''),
(84, 2, '剑侠世界', 20, 0, ''),
(98, 2, 'QQ炫舞', 28, 0, ''),
(99, 2, '赤壁', 29, 0, ''),
(100, 2, '魔域', 30, 0, ''),
(101, 2, 'Aion永恒之塔', 12, 1, ''),
(114, 6, 'whois查询', 2, 1, 'http://tool.114la.com/whois/'),
(103, 102, '1111', 100, 1, ''),
(115, 6, '网站综合查询', 10, 1, 'http://tool.114la.com/siteall/'),
(116, 6, 'Alexa排名查询', 1, 1, 'http://tool.114la.com/alexa/'),
(117, 6, 'PR查询', 9, 1, 'http://tool.114la.com/pr/'),
(118, 6, '网站收录查询', 8, 1, 'http://tool.114la.com/record/'),
(119, 6, '友情链接查询', 7, 1, 'http://tool.114la.com/link/'),
(120, 6, '百度收录查询', 6, 1, 'http://tool.114la.com/baidu/'),
(121, 6, '相同IP网站查询', 5, 1, 'http://tool.114la.com/sameip/'),
(122, 6, '网站反映速度测试', 4, 1, 'http://tool.114la.com/sitespeed/'),
(123, 6, '关键字排名查询', 3, 1, 'http://tool.114la.com/keyword/'),
(124, 6, '网站备案查询', 11, 1, 'http://tool.114la.com/beian/');


CREATE TABLE IF NOT EXISTS `ylmf_zhuantisite` (
  `id` int(11) NOT NULL auto_increment,
  `class` int(11) NOT NULL default '0',
  `name` varchar(255) NOT NULL default '',
  `url` text,
  `displayorder` int(11) NOT NULL default '100',
  `inindex` tinyint(1) NOT NULL default '0',
  `day` int(11) default '0',
  `week` int(11) default '0',
  `month` int(11) default '0',
  `total` int(11) default '0',
  `indexdisplayorder` mediumint(8) NOT NULL default '0',
  `yesterday` int(11) NOT NULL default '0',
  `byesterday` int(11) NOT NULL default '0',
  `starttime` int(11) NOT NULL default '0',
  `endtime` int(11) NOT NULL default '0',
  `remark` text NOT NULL,
  `end` tinyint(1) NOT NULL default '0',
  `namecolor` char(7) NOT NULL,
  PRIMARY KEY  (`id`),
  KEY `starttime` (`starttime`),
  KEY `endtime` (`endtime`)
) ENGINE=MyISAM  DEFAULT CHARSET=gbk AUTO_INCREMENT=2875 ;

INSERT INTO `ylmf_zhuantisite` (`id`, `class`, `name`, `url`, `displayorder`, `inindex`, `day`, `week`, `month`, `total`, `indexdisplayorder`, `yesterday`, `byesterday`, `starttime`, `endtime`, `remark`, `end`, `namecolor`) VALUES
(359, 4, '域名注册查询', 'http://cp.35.com/chinese/chk_domain.html', 4, 0, 0, 0, 2, 9832, 600, 0, 0, 0, 0, '', 0, ''),
(356, 4, '金山在线杀毒', 'http://www.114la.com/tool/aq.htm', 3, 1, 0, 0, 0, 108600, 16, 0, 0, 0, 0, '', 0, ''),
(622, 39, 'eNet天龙八部专题', 'http://bbs.tl.sohu.com/', 5, 0, 0, 0, 0, 0, 0, 0, 0, 0, 0, '', 0, ''),
(346, 4, '在线多引擎病毒扫描', 'http://www.xiazaiba.com/virusscan.html', 7, 0, 0, 0, 0, 11136, 38, 0, 0, 0, 0, '', 0, ''),
(345, 4, '上网速度测试', 'http://tool.114la.com/?ct=live&ac=speed', 2, 1, 0, 0, 0, 1929174, 1, 0, 0, 0, 0, '', 0, ''),
(725, 45, '魔女的条件', 'http://www.game.com.cn/games/6/3/mndtj.html', 3, 0, 0, 0, 0, 0, 0, 0, 0, 0, 0, '', 0, ''),
(20, 11, '魔兽世界官方网站', 'http://www.wowchina.com', 1, 1, 0, 0, 85, 136171, 0, 0, 12, 1294761600, 1294848000, '', 0, ''),
(22, 11, '魔兽-艾泽拉斯国家地理', 'http://ngacn.cc/', 100, 0, 0, 0, 0, 28288, 0, 0, 0, 0, 0, '', 0, ''),
(23, 11, '17173-魔兽世界', 'http://wow.17173.com', 100, 0, 0, 0, 17, 39414, 0, 0, 2, 0, 0, '', 0, ''),
(26, 11, '太平洋游戏―魔兽世界', 'http://www.pcgames.com.cn/netgames/zhuanti/wow/', 100, 0, 0, 0, 9, 8705, 0, 0, 1, 0, 0, '', 0, ''),
(27, 11, '魔兽世界中国论坛', 'http://bbs.wowar.com/', 3, 0, 0, 0, 5, 7253, 0, 0, 0, 0, 0, '', 0, ''),
(28, 11, '新浪游戏-魔兽世界', 'http://games.sina.com.cn/z/wow/indexpage.shtml', 100, 0, 0, 0, 8, 23513, 0, 0, 1, 0, 0, '', 0, ''),
(29, 11, '21CN-魔兽世界专题', 'http://game.21cn.com/zhuanqu/wow', 100, 0, 0, 0, 3, 3799, 0, 0, 1, 0, 0, '', 0, ''),
(30, 11, 'TOM游戏-魔兽世界', 'http://games.tom.com/zhuanti/wow/', 100, 0, 0, 0, 6, 7952, 0, 0, 2, 0, 0, '', 0, ''),
(31, 11, '硅谷动力-魔兽世界', 'http://wow.enet.com.cn/', 100, 0, 0, 0, 2, 7145, 0, 0, 0, 0, 0, '', 0, ''),
(32, 11, '腾讯游戏-魔兽世界', 'http://games.qq.com/z/wow/', 100, 0, 0, 0, 0, 6246, 0, 0, 0, 0, 0, '', 0, ''),
(33, 11, '游牧民族-魔兽世界', 'http://games.cnool.net/wow/', 100, 0, 0, 0, 1, 3417, 0, 0, 0, 0, 0, '', 0, ''),
(35, 11, '魔兽世界中国', 'http://www.wowar.com/', 100, 0, 0, 0, 59, 56652, 0, 0, 5, 0, 0, '', 0, ''),
(36, 11, '魔兽世界客户端官方下载', 'http://www.wowchina.com/download/game/game.htm', 2, 0, 0, 0, 6, 14199, 0, 0, 1, 0, 0, '', 0, ''),
(41, 11, '魔兽精灵下载', 'http://www.wowshell.com/', 100, 0, 0, 0, 4, 4792, 0, 0, 0, 0, 0, '', 0, ''),
(42, 12, '劲乐团官方网站', 'http://o2jam.9you.com', 100, 0, 0, 0, 10, 10331, 0, 0, 0, 0, 0, '', 0, ''),
(43, 12, '17173-劲乐团', 'http://o2jam.17173.com', 100, 0, 0, 0, 4, 1297, 0, 0, 0, 0, 0, '', 0, ''),
(44, 12, '劲乐团-新浪游戏', 'http://games.sina.com.cn/z/jyt', 100, 0, 0, 0, 3, 1321, 0, 0, 0, 0, 0, '', 0, ''),
(45, 12, '劲乐团-太平洋游戏网', 'http://www.pcgames.com.cn/netgames/zhuanti/jingyuetuan/', 100, 0, 0, 0, 2, 171, 0, 0, 0, 0, 0, '', 0, ''),
(46, 12, '劲乐团-天极游戏', 'http://gamedown.yesky.com/game/zhuanqu/o2j/index.html', 100, 0, 0, 0, 1, 432, 0, 0, 0, 0, 0, '', 0, ''),
(47, 12, '劲乐团-eNet', 'http://games.enet.com.cn/zhuanti/o2jam/index.shtml', 100, 0, 0, 0, 0, 386, 0, 0, 0, 0, 0, '', 0, ''),
(48, 12, '劲乐团-游戏先锋', 'http://www.1t1t.com/o2jam/', 100, 0, 0, 0, 0, 205, 0, 0, 0, 0, 0, '', 0, ''),
(49, 12, '劲乐团教程-新浪游戏', 'http://games.sina.com.cn/o/jyt/kb2833.shtml', 100, 0, 0, 0, 0, 236, 0, 0, 0, 0, 0, '', 0, ''),
(50, 12, '劲乐团游戏指南', 'http://gamezone.qq.com/z/o2/guide/guide.htm', 100, 0, 0, 0, 0, 215, 0, 0, 0, 0, 0, '', 0, ''),
(51, 12, '如何购买歌曲', 'http://games.sina.com.cn/o/z/jyt/2005-03-25/215571.shtml', 100, 0, 0, 0, 0, 160, 0, 0, 0, 0, 0, '', 0, ''),
(53, 12, '劲乐团客户端下载-17173', 'http://o2jam.17173.com/download/download.htm', 100, 0, 0, 0, 4, 1542, 0, 0, 0, 0, 0, '', 0, ''),
(54, 12, '《劲乐团》十二乐坊版客户端', 'http://games.sina.com.cn/downgames/client/netgames/2005/01/2083222.shtml', 100, 0, 0, 0, 1, 501, 0, 0, 0, 0, 0, '', 0, ''),
(55, 12, '7173-劲乐团论坛', 'http://bbs.17173.com/list.php?id=35&sid=36', 100, 0, 0, 0, 0, 104, 0, 0, 0, 0, 0, '', 0, ''),
(56, 12, '百度劲乐团吧', 'http://post.baidu.com/f?kw=劲乐团', 100, 0, 0, 0, 0, 395, 0, 0, 0, 0, 0, '', 0, ''),
(58, 12, '久游网销售专区', 'http://www.9you.com/o2xiaoshou/index.html', 100, 0, 0, 0, 0, 116, 0, 0, 0, 0, 0, '', 0, ''),
(59, 12, '久游休闲点卡', 'http://ally.u517.com/Game/Search.aspx?Key=久游休闲', 100, 0, 0, 0, 0, 248, 0, 0, 0, 0, 0, '', 0, ''),
(60, 12, '久游休闲游戏卡专卖', 'http://www.cobuy.com.cn/product/cpd/658.shtml', 100, 0, 0, 0, 1, 262, 0, 0, 0, 0, 0, '', 0, ''),
(61, 12, '劲乐团图片', 'http://image.baidu.com/i?ct=201326592&cl=2&lm=-1&tn=sitehao123&word=劲乐团', 100, 0, 0, 0, 4, 1182, 0, 0, 0, 0, 0, '', 0, ''),
(62, 13, '泡泡堂官方网站', 'http://home.bnb.sdo.com/web2006', 100, 0, 0, 0, 27, 59723, 0, 0, 2, 0, 0, '', 0, ''),
(63, 13, '17173-泡泡堂', 'http://bnb.17173.com/', 100, 0, 0, 0, 8, 21430, 0, 0, 1, 0, 0, '', 0, ''),
(64, 13, '52pk泡泡堂专区', 'http://games.52pk.net/bnb/', 100, 0, 0, 0, 3, 4969, 0, 0, 1, 0, 0, '', 0, ''),
(67, 13, '泡泡堂-21CN游戏频道', 'http://game.21cn.com/zhuanqu/bnb/', 100, 0, 0, 0, 2, 4846, 0, 0, 0, 0, 0, '', 0, ''),
(68, 13, '泡泡堂-TOM游戏', 'http://games.tom.com/zhuanti/ppt/default.html', 100, 0, 0, 0, 4, 13150, 0, 0, 0, 0, 0, '', 0, ''),
(69, 13, '泡泡堂-QQ游戏频道', 'http://gamezone.qq.com/z/paopt/index.htm', 100, 0, 0, 0, 4, 8471, 0, 0, 0, 0, 0, '', 0, ''),
(73, 13, '泡泡堂新手入门', 'http://bnb.17173.com/caozuo/caozuo_01.htm', 100, 0, 0, 0, 5, 12048, 0, 0, 0, 0, 0, '', 0, ''),
(75, 13, '泡泡堂论坛-17173', 'http://bbs.17173.com/list.php?id=439&sid=440', 100, 0, 0, 0, 0, 1270, 0, 0, 0, 0, 0, '', 0, ''),
(77, 13, '百度泡泡堂吧', 'http://post.baidu.com/f?kw=泡泡堂', 100, 0, 0, 0, 5, 9437, 0, 0, 0, 0, 0, '', 0, ''),
(79, 13, '泡泡堂点券充值区', 'http://bnb.poptang.com/newbnb/bnb05/pay/index.htm', 100, 0, 0, 0, 0, 1200, 0, 0, 0, 0, 0, '', 0, ''),
(80, 14, '街头篮球官方网站', 'http://www.fsjoy.com/', 1, 0, 0, 0, 53, 54415, 0, 0, 2, 0, 0, '', 0, ''),
(81, 14, '街头篮球客户端下载', 'http://www.fsjoy.com/download/game_download.htm', 2, 0, 0, 0, 13, 21928, 0, 0, 1, 0, 0, '', 0, ''),
(83, 14, '17173-街头篮球', 'http://fs.17173.com', 3, 0, 0, 0, 1, 2631, 0, 0, 0, 0, 0, '', 0, ''),
(85, 14, '街头篮球-太平洋游戏网', 'http://www.pcgames.com.cn/netgames/zhuanti/fs/', 5, 0, 0, 0, 0, 2443, 0, 0, 0, 0, 0, '', 0, ''),
(87, 14, '新浪游戏-街头篮球', 'http://games.sina.com.cn/zt/netgames/fs0829/', 6, 0, 0, 0, 0, 1988, 0, 0, 0, 0, 0, '', 0, ''),
(1212, 14, '街头篮球-5617网络游戏网', 'http://jietou.5617.com/', 7, 0, 0, 0, 0, 274, 0, 0, 0, 0, 0, '', 0, ''),
(90, 14, '街头篮球-硅谷动力专题站', 'http://games.enet.com.cn/zhuanti/fsjoy/index.shtml', 4, 0, 0, 0, 3, 1095, 0, 0, 0, 0, 0, '', 0, ''),
(91, 14, '百度贴吧_街头篮球吧', 'http://post.baidu.com/f?kw=%BD%D6%CD%B7%C0%BA%C7%F2', 100, 0, 0, 0, 3, 3322, 0, 0, 0, 0, 0, '', 0, ''),
(93, 15, '梦幻西游官方网站', 'http://xyq.163.com/', 100, 0, 0, 0, 96, 147652, 0, 0, 9, 0, 0, '', 0, ''),
(94, 15, '梦幻西游客户端下载', 'http://xyq.163.com/download/khd.html', 100, 0, 0, 0, 2, 41019, 0, 0, 0, 0, 0, '', 0, ''),
(981, 41, '汉堡连连看', 'http://www.game.com.cn/games/2/0/MahjongBurger.html', 1, 0, 0, 0, 0, 19358, 0, 0, 0, 0, 0, '', 0, ''),
(982, 41, '魔兽连连看', 'http://www.game.com.cn/games/8/5/wowconnect.html', 1, 0, 0, 0, 0, 18708, 0, 0, 0, 0, 0, '', 0, ''),
(98, 15, '17173梦幻西游专区', 'http://xyq.17173.com/', 100, 0, 0, 0, 11, 19244, 0, 0, 0, 0, 0, '', 0, ''),
(99, 15, '新浪梦幻西游专区', 'http://games.sina.com.cn/z/xyq/indexpage.shtml', 100, 0, 0, 0, 2, 5076, 0, 0, 0, 0, 0, '', 0, ''),
(101, 15, '百度梦幻西游吧', 'http://post.baidu.com/f?kw=%C3%CE%BB%C3%CE%F7%D3%CE', 100, 0, 0, 0, 2, 11197, 0, 0, 0, 0, 0, '', 0, ''),
(102, 15, '由我梦幻西游', 'http://xyq.youwo.com/', 100, 0, 0, 0, 1, 5510, 0, 1, 0, 0, 0, '', 0, ''),
(103, 15, '《梦幻西游》官方游戏论坛', 'http://xyq.netease.com/', 100, 0, 0, 0, 6, 8934, 0, 0, 1, 0, 0, '', 0, ''),
(104, 15, '梦幻西游专区-叶子猪', 'http://www.yezizhu.com/xyq/', 100, 0, 0, 0, 18, 9694, 0, 0, 0, 0, 0, '', 0, ''),
(116, 16, '跑跑卡丁车官方网站', 'http://popkart.tiancity.com/', 100, 0, 0, 0, 61, 101151, 0, 2, 6, 0, 0, '', 0, ''),
(117, 16, '跑跑卡丁车官方论坛', 'http://bbspopkart.tiancity.com/', 100, 0, 0, 0, 2, 6335, 0, 0, 0, 0, 0, '', 0, ''),
(118, 16, '跑跑卡丁车客户端下载', 'http://popkart.tiancity.com/homepage/download/download_game.html', 100, 0, 0, 0, 0, 71814, 0, 0, 0, 0, 0, '', 0, ''),
(119, 16, '跑跑所需驱动下载', 'http://popkart.tiancity.com/homepage/download/drivers.html', 100, 0, 0, 0, 0, 6399, 0, 0, 0, 0, 0, '', 0, ''),
(120, 16, '17173-跑跑卡丁车', 'http://popkart.17173.com/', 100, 0, 0, 0, 0, 7169, 0, 0, 0, 0, 0, '', 0, ''),
(121, 16, '硅谷动力-跑跑卡丁车', 'http://games.enet.com.cn/zhuanti/popkart/index.shtml', 100, 0, 0, 0, 3, 6309, 0, 0, 0, 0, 0, '', 0, ''),
(122, 16, '52PK-跑跑卡丁车', 'http://games.52pk.net/popkart/', 100, 0, 0, 0, 2, 7087, 0, 0, 0, 0, 0, '', 0, ''),
(123, 16, '太平洋游戏-跑跑卡丁车', 'http://www.pcgames.com.cn/netgames/zhuanti/popkart/', 100, 0, 0, 0, 3, 7727, 0, 0, 0, 0, 0, '', 0, ''),
(124, 16, 'TOM游戏-跑跑卡丁车', 'http://games.tom.com/zhuanti/popkart/', 100, 0, 0, 0, 1, 4309, 0, 0, 0, 0, 0, '', 0, ''),
(125, 16, '新浪游戏-跑跑卡丁车', 'http://games.sina.com.cn/o/z/pop/', 100, 0, 0, 0, 3, 9947, 0, 0, 0, 0, 0, '', 0, ''),
(128, 16, '腾讯游戏-跑跑卡丁车', 'http://gamezone.qq.com/z/popkart/', 100, 0, 0, 0, 4, 10734, 0, 0, 0, 0, 0, '', 0, ''),
(132, 17, '热血传奇官方网站', 'http://home.mir2.sdo.com/NewWeb/Home/', 100, 0, 0, 0, 32, 28743, 0, 0, 2, 0, 0, '', 0, ''),
(133, 17, '热血传奇客户端下载', 'http://home.mir2.sdo.com/NewWeb/download/index.aspx', 100, 0, 0, 0, 0, 22235, 0, 0, 0, 0, 0, '', 0, ''),
(134, 17, '传奇-17173专区', 'http://mir.17173.com/', 100, 0, 0, 0, 2, 5023, 0, 0, 0, 0, 0, '', 0, ''),
(135, 17, '21CN.COM-热血传奇', 'http://game.21cn.com/zhuanqu/mir/home/', 100, 0, 0, 0, 1, 1258, 0, 0, 0, 0, 0, '', 0, ''),
(136, 17, '传奇_新浪游戏_新浪网', 'http://games.sina.com.cn/z/cq/indexpage.shtml', 100, 0, 0, 0, 0, 2516, 0, 0, 0, 0, 0, '', 0, ''),
(137, 17, '传奇_QQ游戏频道', 'http://gamezone.qq.com/z/mir/', 100, 0, 0, 0, 0, 2317, 0, 0, 0, 0, 0, '', 0, ''),
(138, 17, '传奇_TOM游戏', 'http://games.tom.com/wlzhuanti/mir2.html', 100, 0, 0, 0, 3, 2777, 0, 0, 0, 0, 0, '', 0, ''),
(139, 17, '52PK热血传奇下载', 'http://down.52pk.net/sort/12_1.htm', 100, 0, 0, 0, 1, 3960, 0, 0, 0, 0, 0, '', 0, ''),
(140, 17, '热血传奇-万宇在线', 'http://mir2.92wy.com/', 100, 0, 0, 0, 1, 2746, 0, 0, 0, 0, 0, '', 0, ''),
(147, 18, '劲舞团官方网站', 'http://au.9you.com/index.html', 1, 0, 0, 0, 0, 232568, 0, 0, 0, 0, 0, '', 0, ''),
(148, 18, '新浪游戏-劲舞团', 'http://games.sina.com.cn/z/jwt/', 3, 0, 0, 0, 34, 37183, 0, 0, 4, 0, 0, '', 0, ''),
(149, 18, '17173-劲舞团', 'http://ddr.17173.com/', 100, 0, 0, 0, 18, 19216, 0, 0, 1, 0, 0, '', 0, ''),
(150, 18, '52PK-劲舞团专题', 'http://au.52pk.com/', 100, 0, 0, 0, 0, 5010, 0, 0, 0, 0, 0, '', 0, ''),
(157, 18, '劲舞团官方论坛', 'http://bbs2.9you.com/viewForum.jsp?id=688', 4, 0, 0, 0, 2, 3112, 0, 0, 0, 0, 0, '', 0, ''),
(159, 18, '百度劲舞团吧', 'http://post.baidu.com/f?kw=劲舞团', 100, 0, 0, 0, 12, 22681, 0, 0, 2, 0, 0, '', 0, ''),
(162, 18, '由我网劲舞团', 'http://jwt.youwo.com/', 100, 0, 0, 0, 1, 5816, 0, 0, 0, 0, 0, '', 0, ''),
(1213, 18, '劲舞团客户端下载', 'http://au.9you.com/', 2, 0, 0, 0, 171, 20673, 0, 0, 19, 0, 0, '', 0, ''),
(166, 19, 'QQ幻想官方主页', 'http://fo.qq.com/', 100, 0, 0, 0, 15, 16545, 0, 0, 1, 0, 0, '', 0, ''),
(167, 19, '腾讯游戏-QQ幻想', 'http://gamezone.qq.com/tencent/qqfo/', 100, 0, 0, 0, 4, 3532, 0, 0, 0, 0, 0, '', 0, ''),
(169, 19, 'QQ幻想官方论坛', 'http://bbs.qq.com/cgi-bin/bbs/user/user_enter_bbs?g=f&url=/lanmu/149.shtml', 100, 0, 0, 0, 1, 1329, 0, 0, 0, 0, 0, '', 0, ''),
(171, 19, 'QQ幻想客户端下载', 'http://fo.qq.com/download/client.htm', 100, 0, 0, 0, 7, 9539, 0, 0, 1, 0, 0, '', 0, ''),
(173, 19, 'QQ幻想-17173专区', 'http://fo.17173.com/', 100, 0, 0, 0, 0, 1197, 0, 0, 0, 0, 0, '', 0, ''),
(174, 19, 'QQ幻想-新浪游戏', 'http://games.sina.com.cn/o/z/qqhx/', 100, 0, 0, 0, 1, 1572, 0, 0, 1, 0, 0, '', 0, ''),
(175, 19, '1t1t-QQ幻想', 'http://www.1t1t.com/fo/', 100, 0, 0, 0, 0, 486, 0, 0, 0, 0, 0, '', 0, ''),
(178, 19, 'QQ幻想-TOM游戏', 'http://games.tom.com/zt/qqhx/', 100, 0, 0, 0, 6, 2972, 0, 0, 0, 0, 0, '', 0, ''),
(181, 20, '热血江湖中文官方网站', 'http://rxjh.17game.com/index.htm', 1, 0, 0, 0, 0, 59417, 0, 0, 0, 0, 0, '', 0, ''),
(182, 20, '17173-热血江湖专题', 'http://rxjh.17173.com/', 100, 0, 0, 0, 1, 4657, 0, 0, 0, 0, 0, '', 0, ''),
(183, 20, '新浪游戏-热血江湖', 'http://games.sina.com.cn/z/rxjh/', 100, 0, 0, 0, 1, 4419, 0, 0, 0, 0, 0, '', 0, ''),
(184, 20, '热血江湖官方论坛', 'http://bbs.rxjh.china.com/index.asp', 3, 0, 0, 0, 0, 5469, 0, 0, 0, 0, 0, '', 0, ''),
(189, 20, '热血江湖客户端下载', 'http://rxjh.17game.com/', 2, 0, 0, 0, 13, 37484, 0, 1, 2, 0, 0, '', 0, ''),
(192, 21, '征途游戏官网', 'http://zt.ztgame.com/', 100, 0, 0, 0, 30, 42013, 0, 0, 3, 0, 0, '', 0, ''),
(193, 21, '征途官方论坛', 'http://bbs.ztgame.com.cn/', 100, 0, 0, 0, 0, 5696, 0, 0, 0, 0, 0, '', 0, ''),
(194, 21, '征途吧', 'http://post.baidu.com/f?kw=%D5%F7%CD%BE', 100, 0, 0, 0, 1, 4696, 0, 0, 0, 0, 0, '', 0, ''),
(195, 21, '征途-17173网络游戏专区', 'http://zt.17173.com/', 100, 0, 0, 0, 0, 2822, 0, 0, 0, 0, 0, '', 0, ''),
(196, 21, '征途-多玩游戏', 'http://zt.duowan.com/', 100, 0, 0, 0, 2, 1734, 0, 0, 1, 0, 0, '', 0, ''),
(197, 21, '征途-766游戏网', 'http://zt.766.com/', 100, 0, 0, 0, 0, 1815, 0, 0, 0, 0, 0, '', 0, ''),
(199, 21, '征途专区-1t1t.com网络游戏', 'http://www.1t1t.com/zt/', 100, 0, 0, 0, 0, 1052, 0, 0, 0, 0, 0, '', 0, ''),
(200, 21, '征途-新浪游戏', 'http://games.sina.com.cn/o/z/zt/', 100, 0, 0, 0, 2, 2358, 0, 0, 0, 0, 0, '', 0, ''),
(201, 21, '征途-硅谷动力专题站', 'http://games.enet.com.cn/zhuanti/zt/index.shtml', 100, 0, 0, 0, 0, 648, 0, 0, 0, 0, 0, '', 0, ''),
(202, 21, '征途-游戏狂阁', 'http://www.game247.net/zhengtu/', 100, 0, 0, 0, 2, 1024, 0, 0, 1, 0, 0, '', 0, ''),
(203, 22, '浩方红色警戒论坛', 'http://bbs.cga.com.cn/cboard/cboard_52.asp', 1, 0, 0, 0, 22, 23732, 0, 1, 1, 0, 0, '', 0, ''),
(204, 22, '红色警戒贴吧', 'http://post.baidu.com/f?kw=%BA%EC%C9%AB%BE%AF%BD%E4', 2, 0, 0, 0, 9, 17049, 0, 0, 0, 0, 0, '', 0, ''),
(205, 22, '红警贴吧', 'http://post.baidu.com/f?kw=%BA%EC%BE%AF', 3, 0, 0, 0, 6, 8376, 0, 0, 0, 0, 0, '', 0, ''),
(206, 22, '硅谷动力_红色警戒专题', 'http://games.enet.com.cn/zhuanti/red2gb/Red2gb.htm', 4, 0, 0, 0, 20, 16540, 0, 1, 1, 0, 0, '', 0, ''),
(207, 22, '红色警戒2官方网站（英文）', 'http://www.ea.com/official/cc/firstdecade/us/index.jsp', 5, 0, 0, 0, 35, 32009, 0, 1, 5, 0, 0, '', 0, ''),
(208, 22, '红色警戒2（繁体）', 'http://www.xiazaiba.com/html/720.html', 6, 0, 0, 0, 46, 34152, 0, 0, 3, 0, 0, '', 0, ''),
(209, 22, '红色警戒2-游戏下载', 'http://www.xiazaiba.com/html/862.html', 7, 0, 0, 0, 0, 172590, 0, 0, 0, 0, 0, '', 0, ''),
(210, 22, '红警2之中国的崛起下载', 'http://www.xiazaiba.com/html/739.html', 8, 0, 0, 0, 68, 97548, 0, 0, 4, 0, 0, '', 0, ''),
(211, 22, '红色警戒2尤里的复仇下载', 'http://www.xiazaiba.com/html/734.html', 9, 0, 0, 0, 58, 81628, 0, 0, 3, 0, 0, '', 0, ''),
(213, 22, '红色警戒图片', 'http://image.baidu.com/i?tn=baiduimage&ct=201326592&lm=-1&cl=2&word=%BA%EC%C9%AB%BE%AF%BD%E4', 10, 0, 0, 0, 15, 22865, 0, 0, 1, 0, 0, '', 0, ''),
(214, 23, '惊天动地官方网站', 'http://cabal.moliyo.com/', 100, 0, 0, 0, 13, 12293, 0, 0, 0, 0, 0, '', 0, ''),
(215, 23, '惊天动地官方论坛', 'http://bbs.moliyo.com/forumdisplay.php?fid=253', 100, 0, 0, 0, 0, 1337, 0, 0, 0, 0, 0, '', 0, ''),
(217, 23, '17173惊天动地专题', 'http://cabal.17173.com/', 100, 0, 0, 0, 1, 716, 0, 0, 0, 0, 0, '', 0, ''),
(219, 23, '新浪游戏-惊天动地', 'http://games.sina.com.cn/o/z/jtdd/', 100, 0, 0, 0, 1, 978, 0, 0, 0, 0, 0, '', 0, ''),
(221, 23, '腾讯游戏-惊天动地', 'http://gamezone.qq.com/z/jtdd/', 100, 0, 0, 0, 0, 991, 0, 0, 0, 0, 0, '', 0, ''),
(222, 23, '叶子猪－惊天动地专区', 'http://www.yezizhu.com/cabal/', 100, 0, 0, 0, 1, 718, 0, 0, 0, 0, 0, '', 0, ''),
(223, 23, '17173惊天动地视频', 'http://media.17173.com/cabal/', 100, 0, 0, 0, 2, 975, 0, 0, 0, 0, 0, '', 0, ''),
(225, 24, '浩方电竞平台', 'http://www1.cga.com.cn/', 100, 0, 0, 0, 0, 21179, 0, 0, 0, 0, 0, '', 0, ''),
(226, 24, '浩方下载中心', 'http://download.cga.com.cn/', 100, 0, 0, 0, 20, 32125, 0, 0, 2, 0, 0, '', 0, ''),
(230, 24, '浩方VIP充值', 'http://vip.cga.com.cn/', 100, 0, 0, 0, 0, 217, 0, 0, 0, 0, 0, '', 0, ''),
(231, 24, '浩方社区', 'http://bbs.cga.com.cn/', 100, 0, 0, 0, 2, 732, 0, 0, 0, 0, 0, '', 0, ''),
(234, 24, '浩方-魔兽争霸', 'http://war3.cga.com.cn/', 100, 0, 0, 0, 0, 0, 0, 0, 0, 0, 0, '', 0, ''),
(235, 24, '浩方-星际争霸', 'http://sc.cga.com.cn/', 100, 0, 0, 0, 3, 983, 0, 0, 1, 0, 0, '', 0, ''),
(236, 24, '浩方-魔兽の世界', 'http://wrpg.cga.com.cn/', 100, 0, 0, 0, 0, 1529, 0, 0, 0, 0, 0, '', 0, ''),
(238, 25, '太平洋游戏网-CS专区', 'http://www.pcgames.com.cn/fight/cs/', 1, 0, 0, 0, 59, 67365, 0, 0, 5, 0, 0, '', 0, ''),
(240, 25, 'TOM游戏-反恐精英', 'http://games.tom.com/zhuanti/cs/', 3, 0, 0, 0, 44, 46590, 0, 0, 6, 0, 0, '', 0, ''),
(241, 25, 'CS官方主页[英]', 'http://storefront.steampowered.com/v2/index.php?area=game&AppId=240', 4, 0, 0, 0, 16, 19867, 0, 0, 1, 0, 0, '', 0, ''),
(242, 25, '反恐精英_腾讯游戏频道', 'http://gamezone.qq.com/z/cs/', 5, 0, 0, 0, 45, 20756, 0, 1, 3, 0, 0, '', 0, ''),
(243, 25, '新浪游戏-反恐精英', 'http://games.sina.com.cn/z/css/indexpage.shtml', 6, 0, 0, 0, 57, 54072, 0, 0, 3, 0, 0, '', 0, ''),
(245, 25, '中国反恐大联盟', 'http://www.okgogogo.com/', 8, 0, 0, 0, 9, 13731, 0, 0, 3, 0, 0, '', 0, ''),
(247, 25, '反恐精英-21CN.COM', 'http://game.21cn.com/zhuanqu/cs/', 10, 0, 0, 0, 7, 14065, 0, 0, 0, 0, 0, '', 0, ''),
(253, 25, '浩方战队系统', 'http://cs.cga.com.cn/', 15, 0, 0, 0, 5, 13536, 0, 0, 0, 0, 0, '', 0, ''),
(254, 25, '[=Nice=] 战队', 'http://www.niceplayer.com/', 16, 0, 0, 0, 2, 3801, 0, 0, 1, 0, 0, '', 0, ''),
(256, 25, ':: CS 战队联盟 ::', 'http://www.csteams.net/', 17, 0, 0, 0, 12, 8278, 0, 0, 2, 0, 0, '', 0, ''),
(258, 25, 'CS Demo下载集合', 'http://www.pcgames.com.cn/fight/fightdemo/csdemo/', 100, 0, 0, 0, 7, 6314, 0, 0, 1, 0, 0, '', 0, ''),
(263, 25, '春秋CS部队', 'http://bbs.cqzg.cn/forumdisplay.php?fid=163', 23, 0, 0, 0, 5, 9543, 0, 0, 1, 0, 0, '', 0, ''),
(268, 26, '魔兽争霸3-冰封王座', 'http://www.xiazaiba.com/html/845.html', 100, 0, 0, 0, 131, 117180, 0, 2, 15, 0, 0, '', 0, ''),
(269, 26, '浩方对战平台魔兽专区', 'http://war3.cga.com.cn/', 100, 0, 0, 0, 13, 13504, 0, 1, 1, 0, 0, '', 0, ''),
(270, 26, 'TOM游戏频道_魔兽争霸3', 'http://games.tom.com/zhuanti/war3/', 100, 0, 0, 0, 4, 7467, 0, 1, 0, 0, 0, '', 0, ''),
(271, 26, '太平洋游戏_魔兽争霸3', 'http://www.pcgames.com.cn/fight/warcraft/', 100, 0, 0, 0, 16, 16323, 0, 0, 3, 0, 0, '', 0, ''),
(272, 26, '百度魔兽争霸贴吧', 'http://post.baidu.com/f?kw=%C4%A7%CA%DE%D5%F9%B0%D4', 100, 0, 0, 0, 1, 6157, 0, 0, 0, 0, 0, '', 0, ''),
(273, 26, '魔兽争霸论坛_搜狐', 'http://club.it.sohu.com/itmain.php?b=warcraft', 100, 0, 0, 0, 0, 4290, 0, 0, 0, 0, 0, '', 0, ''),
(274, 26, '魔兽3论坛_新浪', 'http://games.sina.com.cn/forum/mszb3.shtml', 100, 0, 0, 0, 1, 2990, 0, 0, 0, 0, 0, '', 0, ''),
(275, 26, '硅谷动力_魔兽争霸3', 'http://games.enet.com.cn/zhuanti/war3/', 100, 0, 0, 0, 5, 4486, 0, 0, 1, 0, 0, '', 0, ''),
(276, 26, '魔兽争霸3中文资讯站', 'http://www.aomeisoft.com/war3/wc3/', 100, 0, 0, 0, 11, 5829, 0, 0, 4, 0, 0, '', 0, ''),
(277, 26, '21CN游戏_魔兽争霸3', 'http://game.21cn.com/zhuanqu/war3/', 100, 0, 0, 0, 2, 4391, 0, 0, 0, 0, 0, '', 0, ''),
(278, 26, '魔兽争霸地图下载_太平洋', 'http://www.pcgames.com.cn/fight/warcraft/msdtxz/', 100, 0, 0, 0, 7, 14256, 0, 0, 2, 0, 0, '', 0, ''),
(279, 26, '魔兽补丁下载_硅谷动力', 'http://games.enet.com.cn/download/gmd_index.php?key%5B%5D=war3tools', 100, 0, 0, 0, 3, 4464, 0, 1, 0, 0, 0, '', 0, ''),
(280, 26, '魔兽争霸下载', 'http://down.52pk.com/xiazai/80.shtml', 100, 0, 0, 0, 0, 57758, 0, 0, 0, 0, 0, '', 0, ''),
(281, 26, '冰封王座工具下载_新浪', 'http://games.sina.com.cn/z/war3/2/qtxz/index.shtml', 100, 0, 0, 0, 4, 7528, 0, 0, 0, 0, 0, '', 0, ''),
(282, 26, 'U9魔兽RPG', 'http://www.uuu9.com/', 100, 0, 0, 0, 15, 17701, 0, 0, 3, 0, 0, '', 0, ''),
(283, 26, '魔兽争霸图片搜索', 'http://image.baidu.com/i?tn=baiduimage&lm=-1&ct=201326592&cl=2&word=%C4%A7%CA%DE%D5%F9%B0%D4', 100, 0, 0, 0, 1, 5292, 0, 0, 0, 0, 0, '', 0, ''),
(284, 26, 'dota中文官方站', 'http://dota.uuu9.com/', 100, 0, 0, 0, 0, 0, 0, 0, 0, 0, 0, '', 0, ''),
(285, 26, '天地劫-魂之力量', 'http://tdj.uuu9.com/', 100, 0, 0, 0, 4, 3788, 0, 0, 0, 0, 0, '', 0, ''),
(286, 26, '拳皇 97', 'http://fengyun2.uuu9.com/', 100, 0, 0, 0, 17, 23858, 0, 0, 1, 0, 0, '', 0, ''),
(287, 26, '降临之夜', 'http://tstd.uuu9.com/', 100, 0, 0, 0, 0, 0, 0, 0, 0, 0, 0, '', 0, ''),
(288, 26, '澄海 3C', 'http://tstd.uuu9.com/', 100, 0, 0, 0, 6, 8097, 0, 0, 0, 0, 0, '', 0, ''),
(289, 26, 'Hokage Ninja', 'http://wmx.uuu9.com/', 100, 0, 0, 0, 0, 532, 0, 0, 0, 0, 0, '', 0, ''),
(290, 26, '新金庸群侠传', 'http://cljshenjian.uuu9.com/', 100, 0, 0, 0, 3, 8634, 0, 0, 0, 0, 0, '', 0, ''),
(291, 26, '圣城守卫战', 'http://caocao.uuu9.com/', 100, 0, 0, 0, 3, 3457, 0, 0, 0, 0, 0, '', 0, ''),
(292, 26, '屠鸡英雄传', 'http://kchs.uuu9.com/', 100, 0, 0, 0, 2, 3323, 0, 0, 0, 0, 0, '', 0, ''),
(293, 26, 'DOTA', 'http://dota.uuu9.com/', 100, 0, 0, 0, 0, 5945, 0, 0, 0, 0, 0, '', 0, ''),
(294, 26, '命运之路', 'http://xiangpi.uuu9.com/', 100, 0, 0, 0, 2, 1722, 0, 0, 0, 0, 0, '', 0, ''),
(295, 26, '神雕侠侣', 'http://dixietomi.uuu9.com/', 100, 0, 0, 0, 5, 15075, 0, 0, 1, 0, 0, '', 0, ''),
(296, 26, 'ETN 楼の传说', 'http://etn.uuu9.com/', 100, 0, 0, 0, 0, 999, 0, 0, 0, 0, 0, '', 0, ''),
(297, 26, '天刹', 'http://bbs.uuu9.com/forumdisplay.php?fid=362', 100, 0, 0, 0, 3, 2425, 0, 0, 0, 0, 0, '', 0, ''),
(298, 26, '绝地风云', 'http://bbs.uuu9.com/forumdisplay.php?fid=310', 100, 0, 0, 0, 1, 3724, 0, 0, 0, 0, 0, '', 0, ''),
(299, 26, '混乱东游', 'http://dongyou.uuu9.com/', 100, 0, 0, 0, 3, 2233, 0, 0, 0, 0, 0, '', 0, ''),
(300, 26, '木叶外传', 'http://muye.uuu9.com/', 100, 0, 0, 0, 7, 6064, 0, 0, 1, 0, 0, '', 0, ''),
(1094, 4, '网站Alexa排名查询', 'http://tool.114la.com/?ct=site&ac=alexa', 7, 0, 0, 0, 0, 498, 0, 0, 0, 0, 0, '', 0, ''),
(304, 27, '问道官网', 'http://www.asktao.com/', 100, 0, 0, 0, 33, 33266, 0, 0, 3, 0, 0, '', 0, ''),
(305, 27, '问道客户端下载', 'http://www.asktao.com/download/index.htm', 100, 0, 0, 0, 16, 29696, 0, 2, 0, 0, 0, '', 0, ''),
(306, 27, '问道游戏开发论坛', 'http://bbs.asktao.com/', 100, 0, 0, 0, 1, 1614, 0, 0, 0, 0, 0, '', 0, ''),
(308, 27, '问道官方资料手册', 'http://wd.gyyx.cn/guide.htm', 100, 0, 0, 0, 0, 2814, 0, 0, 0, 0, 0, '', 0, ''),
(314, 27, '问道17173专区', 'http://asktao.17173.com/', 100, 0, 0, 0, 0, 3161, 0, 0, 0, 0, 0, '', 0, ''),
(317, 27, '新浪游戏问道', 'http://games.sina.com.cn/o/z/askdao/', 100, 0, 0, 0, 1, 2650, 0, 0, 0, 0, 0, '', 0, ''),
(318, 27, '腾讯-问道专区', 'http://gamezone.qq.com/z/asktao/', 100, 0, 0, 0, 1, 1806, 0, 1, 0, 0, 0, '', 0, ''),
(339, 4, '常用装机软件', 'http://www.xiazaiba.com/diy.html', 1, 0, 0, 0, 0, 32817, 0, 0, 0, 0, 0, '', 0, ''),
(342, 4, '系统DIY优化工具', 'http://www.xiazaiba.com/downinfo/679.html', 13, 0, 0, 0, 0, 26924, 13, 0, 0, 0, 0, '', 0, ''),
(343, 4, 'QQ表情下载', 'http://www.xiazaiba.com/downinfo/256.html', 11, 0, 0, 0, 0, 40090, 160, 0, 0, 0, 0, '', 0, ''),
(360, 4, '硬件行情报价', 'http://www.pconline.com.cn/market/', 3, 0, 0, 0, 5, 10054, 26, 0, 0, 0, 0, '', 0, ''),
(363, 4, 'I T 术语查询', 'http://detail.it168.com/', 5, 0, 0, 0, 2, 4510, 0, 0, 0, 0, 0, '', 0, ''),
(365, 4, '中国Web信息博物馆', 'http://www.infomall.cn/', 10, 0, 0, 0, 2, 2010, 0, 0, 0, 0, 0, '', 0, ''),
(368, 4, '扩展名辞典库', 'http://www.kuozhanming.com/', 9, 0, 0, 0, 2, 822, 0, 0, 0, 0, 0, '', 0, ''),
(369, 8, '智能计算器', 'http://tool.114la.com/smart_calculator.html', 6, 0, 0, 0, 0, 20514, 0, 0, 0, 0, 0, '', 0, ''),
(370, 8, '标准体重计算', 'http://tool.114la.com/weight.html', 3, 0, 0, 0, 0, 41987, 0, 0, 0, 0, 0, '', 0, ''),
(371, 8, '购房计算工具', 'http://tool.114la.com/buyhouse.html', 1, 0, 0, 0, 0, 12575, 0, 0, 0, 0, 0, '', 0, ''),
(372, 8, '理财计算器', 'http://tool.114la.com/iframe.html', 2, 0, 0, 0, 0, 9226, 0, 0, 0, 0, 0, '', 0, ''),
(373, 8, '压力计量单位换算', 'http://tool.114la.com/converter8.html', 7, 0, 0, 0, 0, 8312, 52, 0, 0, 0, 0, '', 0, ''),
(374, 8, '存款利息计算器', 'http://money.jrj.com.cn/money/FinanceCalc_Saving.aspx', 5, 0, 0, 0, 0, 8237, 56, 0, 0, 0, 0, '', 0, ''),
(617, 39, '天龙八部客户端下载', 'http://tl.sohu.com/download/client.shtml', 1, 0, 0, 0, 0, 9700, 0, 0, 0, 0, 0, '', 0, ''),
(376, 8, '个人所得税计算器', 'http://tool.114la.com/finances_tool.html', 8, 0, 0, 0, 0, 13852, 50, 0, 0, 0, 0, '', 0, ''),
(1297, 99, '新浪赤壁专区', 'http://games.sina.com.cn/o/z/cb/', 4, 0, 0, 0, 0, 69, 0, 0, 0, 0, 0, '', 0, ''),
(378, 8, '预产期自己测', 'http://tool.114la.com/birthday.html', 4, 0, 0, 0, 0, 9274, 60, 0, 0, 0, 0, '', 0, ''),
(1296, 99, '17173赤壁专区', 'http://chibi.17173.com/', 5, 0, 0, 0, 0, 65, 0, 0, 0, 0, 0, '', 0, ''),
(430, 4, 'Wap网址导航', 'http://www.114la.com/catalog/1596.htm', 8, 0, 0, 0, 0, 4199, 0, 0, 0, 0, 0, '', 0, ''),
(1309, 64, '科技', 'http://it.sohu.com/', 8, 0, 0, 0, 0, 447, 0, 0, 0, 1225468800, 1225468800, '', 0, '#FD2828'),
(1318, 36, '科技', 'http://it.sohu.com/', 8, 0, 0, 0, 0, 7120, 0, 0, 0, 0, 0, '', 0, ''),
(1302, 100, '新浪-魔域专题', 'http://games.sina.com.cn/o/z/myol/', 5, 0, 0, 0, 0, 134, 0, 0, 0, 0, 0, '', 0, ''),
(464, 5, '职业资格证书查询', 'http://cert.osta.org.cn/', 7, 0, 0, 0, 15, 10290, 0, 1, 3, 0, 0, '', 0, ''),
(466, 5, '英语在线词典', 'http://www.iciba.com/', 6, 0, 0, 0, 1, 6871, 47, 0, 0, 0, 0, '', 0, ''),
(467, 5, '英语语法速查', 'http://www.sinoya.com/search_1.asp', 8, 0, 0, 0, 2, 4496, 0, 0, 0, 0, 0, '', 0, ''),
(468, 96, '各类字体在线生成', 'http://www.youmade.com/font/', 80, 0, 0, 0, 4, 4911, 0, 0, 0, 0, 0, '', 0, ''),
(469, 4, '五笔汉字编码查询', 'http://tool.114la.com/wubi.html', 6, 0, 0, 0, 0, 21275, 0, 0, 0, 0, 0, '', 0, ''),
(470, 5, '全国高校查询', 'http://www.edu.cn/HomePage/jiao_yu_zi_yuan/college.php', 5, 0, 0, 0, 7, 6875, 36, 0, 1, 0, 0, '', 0, ''),
(471, 5, '学历查询', 'http://www.chsi.com.cn/xlcx/', 4, 0, 0, 0, 11, 11416, 30, 0, 0, 0, 0, '', 0, ''),
(472, 5, '中国农历知识', 'http://www.nongli.com/item2/index.html', 67, 0, 0, 0, 8, 4844, 0, 0, 1, 0, 0, '', 0, ''),
(474, 5, '汉典-在线汉语字典', 'http://www.zdic.net/', 9, 0, 0, 0, 13, 8265, 23, 0, 0, 0, 0, '', 0, ''),
(478, 5, '历史上的今天', 'http://history.114la.com/', 2, 0, 0, 0, 0, 8751, 0, 0, 0, 0, 0, '', 0, ''),
(479, 5, '机械词汇中英互译', 'http://www.21-sun.com/ZYHY/default.htm', 76, 0, 0, 0, 2, 3157, 0, 0, 0, 0, 0, '', 0, ''),
(482, 5, '维基百科全书', 'http://zh.wikipedia.org/', 3, 0, 0, 0, 0, 7592, 18, 0, 0, 0, 0, '', 0, ''),
(485, 96, '在线诗词搜索', 'http://poem.8dou.net/', 60, 0, 0, 0, 12, 6015, 0, 0, 0, 0, 0, '', 0, ''),
(486, 96, '在线新华字典', 'http://xh.5156edu.com/', 7, 0, 0, 0, 8, 10214, 51, 0, 1, 0, 0, '', 0, ''),
(488, 5, '英文缩写查询', 'http://www.acronym.cn', 10, 0, 0, 0, 3, 3728, 48, 0, 0, 0, 0, '', 0, ''),
(494, 5, '免费在线翻译', 'http://tool.114la.com/?ct=live&ac=translate', 1, 1, 0, 0, 0, 244110, 9, 0, 0, 0, 0, '', 0, ''),
(502, 4, 'PPS 网络电视', 'http://www.xiazaiba.com/html/112.html', 15, 0, 0, 0, 0, 4732, 140, 0, 0, 0, 0, '', 0, ''),
(1089, 76, '搜索引擎收录查询', 'http://tool.114la.com/record.html', 2, 0, 0, 0, 0, 1064, 0, 0, 0, 0, 0, '', 0, ''),
(1110, 75, 'gbk 转换工具', 'http://tool.114la.com/2gbk.html', 8, 0, 0, 0, 0, 249, 0, 0, 0, 0, 0, '', 0, ''),
(582, 36, '新浪', 'http://www.sina.com.cn/', 3, 0, 0, 0, 44826, 48296764, 0, 921, 4349, 0, 0, '', 0, ''),
(583, 36, '新闻', 'http://news.sina.com.cn/', 4, 0, 0, 0, 12094, 13766765, 0, 284, 1186, 0, 0, '', 0, ''),
(584, 36, '博客', 'http://blog.sina.com.cn/', 5, 0, 0, 0, 1770, 2056668, 0, 33, 160, 0, 0, '', 0, ''),
(585, 36, '搜狐', 'http://www.sohu.com/', 6, 0, 0, 0, 30799, 31922027, 0, 618, 2973, 0, 0, '', 0, ''),
(586, 36, '新闻', 'http://news.sohu.com/', 7, 0, 0, 0, 6430, 6333753, 0, 136, 675, 0, 0, '', 0, ''),
(588, 36, '网易', 'http://www.163.com/', 9, 0, 0, 0, 22067, 24752689, 0, 439, 2059, 0, 0, '', 0, ''),
(589, 36, '新闻', 'http://news.163.com/', 10, 0, 0, 0, 3154, 4410520, 0, 79, 346, 0, 0, '', 0, ''),
(591, 36, '百度搜索', 'http://www.baidu.com/index.php?tn=ylmf_4_pg', 1, 0, 0, 0, 46064, 37425198, 0, 734, 4373, 0, 0, '', 0, ''),
(592, 36, 'Mp3', 'http://mp3.ylmf.com/', 2, 0, 0, 0, 5108, 4749840, 0, 84, 495, 0, 0, '', 0, ''),
(597, 8, '营业税计算', 'http://tool.114la.com/business_tax.html', 10, 0, 0, 0, 0, 5728, 0, 0, 0, 0, 0, '', 0, ''),
(2862, 4, 'IP地址反向查询 ', 'http://tool.114la.com/?ct=site&ac=ipneighbor', 100, 0, 0, 0, 0, 0, 0, 0, 0, 0, 0, '', 0, ''),
(624, 39, '天龙八部吧', 'http://post.baidu.com/f?ct=318898176&tn=baiduKeywordSearch&sc=4504&pn=0&rn=50&lm=4&rs3=0&word=%CC%EC%C1%FA%B0%CB%B2%BF', 7, 0, 0, 0, 13, 8622, 0, 0, 1, 0, 0, '', 0, ''),
(619, 39, '天龙八部补丁下载', 'http://tl.sohu.com/download/client.shtml', 3, 0, 0, 0, 8, 60537, 0, 0, 0, 0, 0, '', 0, ''),
(621, 39, '天龙八部官方论坛', 'http://bbs.tl.sohu.com/', 4, 0, 0, 0, 11, 17266, 0, 0, 1, 0, 0, '', 0, ''),
(620, 39, '天龙八部官方网站', 'http://tl.sohu.com/?rcc_id=5bd6447fe484590312d8c140a246475b%20', 4, 0, 0, 0, 0, 49133, 0, 0, 0, 0, 0, '', 0, ''),
(623, 39, '17173天龙八部专题', 'http://tl.17173.com/', 6, 0, 0, 0, 10, 8905, 0, 0, 0, 0, 0, '', 0, ''),
(625, 39, '腾讯天龙八部专题', 'http://games.qq.com/z/tl/', 8, 0, 0, 0, 0, 5297, 0, 0, 0, 0, 0, '', 0, ''),
(626, 39, '新手完全成才手册', 'http://tl.17173.com/zhuanti/xinshou.html', 9, 0, 0, 0, 4, 7718, 0, 0, 0, 0, 0, '', 0, ''),
(627, 42, '诛仙官方客户端下载', 'http://zhuxian.wanmei.com/', 2, 0, 0, 0, 0, 25447, 0, 0, 0, 0, 0, '', 0, ''),
(629, 42, '诛仙官方网站', 'http://zhuxian.wanmei.com/main.htm', 1, 0, 0, 0, 0, 49153, 0, 0, 0, 0, 0, '', 0, ''),
(633, 42, '17173-诛仙', 'http://newgame.17173.com/content/2007-03-07/20070307111853953.shtml', 9, 0, 0, 0, 1, 5085, 0, 0, 0, 0, 0, '', 0, ''),
(634, 42, '太平洋-诛仙', 'http://www.pcgames.com.cn/netgames/zhuanti/zhuxian/', 10, 0, 0, 0, 1, 2901, 0, 0, 0, 0, 0, '', 0, ''),
(635, 42, '新浪-诛仙', 'http://games.sina.com.cn/o/z/zx/', 11, 0, 0, 0, 4, 3831, 0, 0, 0, 0, 0, '', 0, ''),
(637, 42, 'TOM游戏-诛仙', 'http://games.tom.com/zt/zhuxian/', 13, 0, 0, 0, 6, 3960, 0, 0, 0, 0, 0, '', 0, ''),
(638, 41, '宠物连连看', 'http://www.game.com.cn/games/8/1/pet%20connect.html', 1, 0, 0, 0, 0, 122840, 0, 0, 0, 0, 0, '', 0, ''),
(639, 41, '宠物连连看2.5版', 'http://www.game.com.cn/games/4/0/chongwullk.html', 2, 0, 0, 0, 1, 98345, 0, 0, 0, 0, 0, '', 0, ''),
(640, 41, '连连看-中国龙', 'http://www.game.com.cn/games/7/2/jdzgl.html', 3, 0, 0, 0, 0, 19091, 0, 0, 0, 0, 0, '', 0, ''),
(641, 41, '红孩儿连连看', 'http://www.game.com.cn/games/8/0/hherllk.html', 4, 0, 0, 0, 0, 14809, 0, 0, 0, 0, 0, '', 0, ''),
(642, 41, '小令连连看', 'http://www.game.com.cn/games/7/1/xlllk.html', 5, 0, 0, 0, 0, 6587, 0, 0, 0, 0, 0, '', 0, ''),
(643, 41, '飞秀连连看', 'http://www.game.com.cn/games/2/5/feixiullk.html', 6, 0, 0, 0, 0, 10469, 0, 0, 0, 0, 0, '', 0, ''),
(644, 41, '魔力连连看', 'http://www.game.com.cn/games/6/2/molillk.html', 7, 0, 0, 0, 0, 13248, 0, 0, 0, 0, 0, '', 0, ''),
(645, 41, '星际连连看', 'http://www.game.com.cn/games/1/2/starllk.html', 8, 0, 0, 0, 0, 11332, 0, 0, 0, 0, 0, '', 0, ''),
(646, 41, '厨房连连看', 'http://www.game.com.cn/games/5/3/cfllk.html', 9, 0, 0, 0, 0, 18594, 0, 0, 0, 0, 0, '', 0, ''),
(647, 41, '寒筝连连看', 'http://www.game.com.cn/games/1/7/hzhllkan.html', 10, 0, 0, 0, 0, 3608, 0, 0, 0, 0, 0, '', 0, ''),
(648, 41, '宠物连连看2.6版', 'http://www.game.com.cn/games/3/1/cwllkan.html', 11, 0, 0, 0, 0, 103463, 0, 0, 0, 0, 0, '', 0, ''),
(649, 41, '果蔬连连看', 'http://www.game.com.cn/games/2/6/guoshulianliankan.html', 12, 0, 0, 0, 0, 131052, 0, 0, 0, 0, 0, '', 0, ''),
(650, 41, 'twins连连看', 'http://www.game.com.cn/games/3/5/twinslianliankan.html', 13, 0, 0, 0, 0, 11347, 0, 0, 0, 0, 0, '', 0, ''),
(651, 41, '小破孩连连看', 'http://www.game.com.cn/games/5/5/xphllk.html', 14, 0, 0, 0, 0, 17900, 0, 0, 0, 0, 0, '', 0, ''),
(652, 41, '糯米猪连连看', 'http://www.game.com.cn/games/1/2/mnmzllk.html', 15, 0, 0, 0, 0, 8061, 0, 0, 0, 0, 0, '', 0, ''),
(653, 41, '全新连连看', 'http://www.game.com.cn/games/6/2/qxinllk.html', 16, 0, 0, 0, 0, 28151, 0, 0, 0, 0, 0, '', 0, ''),
(654, 41, '亚都连连看', 'http://www.game.com.cn/games/3/2/mydllk.html', 17, 0, 0, 0, 0, 6486, 0, 0, 0, 0, 0, '', 0, ''),
(655, 41, '加法连连看', 'http://www.game.com.cn/games/5/2/mjfllk.html', 18, 0, 0, 0, 0, 13169, 0, 0, 0, 0, 0, '', 0, ''),
(656, 41, '标志连连看', 'http://www.game.com.cn/games/0/3/mbzllk.html', 19, 0, 0, 0, 0, 9571, 0, 0, 0, 0, 0, '', 0, ''),
(1372, 53, '新金币玛丽', 'http://www.4399.com/flash/9149.htm', 100, 0, 0, 0, 0, 0, 0, 0, 0, 0, 0, '', 0, ''),
(658, 41, '金庸群侠传连连看', 'http://www.game.com.cn/games/4/3/mjyqxzllk.html', 21, 0, 0, 0, 0, 14485, 0, 0, 0, 0, 0, '', 0, ''),
(1371, 53, '玛丽兄弟3', 'http://www.4399.com/flash/9499.htm', 100, 0, 0, 0, 0, 0, 0, 0, 0, 0, 0, '', 0, ''),
(660, 41, '竹林麻将连连看', 'http://www.game.com.cn/games/7/3/mzlmjk.html', 23, 0, 0, 0, 0, 18499, 0, 0, 0, 0, 0, '', 0, ''),
(661, 41, '宠物连连看3.0', 'http://www.game.com.cn/games/8/5/majiangllk.html', 24, 0, 0, 0, 0, 39049, 0, 0, 0, 0, 0, '', 0, ''),
(662, 41, '精装麻将连连看', 'http://www.game.com.cn/games/8/5/majiangllk.html', 25, 0, 0, 0, 0, 37312, 0, 0, 0, 0, 0, '', 0, ''),
(663, 41, '天使之恋连连看', 'http://www.game.com.cn/games/6/8/tszl.html', 26, 0, 0, 0, 0, 16912, 0, 0, 0, 0, 0, '', 0, ''),
(664, 41, '新势力QQ连连看', 'http://www.game.com.cn/games/1/4/mxslk.html', 28, 0, 0, 0, 0, 9213, 0, 0, 0, 0, 0, '', 0, ''),
(665, 41, '游游连连看', 'http://www.game.com.cn/games/6/6/yyllk.html', 29, 0, 0, 0, 0, 15586, 0, 0, 0, 0, 0, '', 0, ''),
(666, 41, '新版消消看', 'http://www.game.com.cn/games/7/3/xinbanxxk.html', 30, 0, 0, 0, 0, 17702, 0, 0, 0, 0, 0, '', 0, ''),
(667, 41, '拼图连连看', 'http://www.xiaoyouxi.com/down/soft/680/23780.htm', 31, 0, 0, 0, 25, 16764, 0, 0, 0, 0, 0, '', 0, ''),
(668, 41, '可爱宠物连连看', 'http://www.game.com.cn/games/4/4/mkacwk.html', 32, 0, 0, 0, 0, 30057, 0, 0, 0, 0, 0, '', 0, ''),
(669, 41, '超级连连看', 'http://www.game.com.cn/games/1/5/cjllkan.html', 33, 0, 0, 0, 0, 33736, 0, 0, 0, 0, 0, '', 0, ''),
(670, 41, 'QQ连连看', 'http://www.game.com.cn/games/7/2/qqllk231.html', 34, 0, 0, 0, 0, 63169, 0, 0, 0, 0, 0, '', 0, ''),
(671, 41, '动物连连看', 'http://www.game.com.cn/games/9/2/dwllk.html', 35, 0, 0, 0, 0, 44939, 0, 0, 0, 0, 0, '', 0, ''),
(672, 41, '集字消消看', 'http://www.game.com.cn/games/1/3/jizixiaoxiaokan.html', 36, 0, 0, 0, 0, 17881, 0, 0, 0, 0, 0, '', 0, ''),
(673, 41, '冰糖消消看', 'http://www.game.com.cn/games/4/5/bingtangxiaoxiaokan.html', 37, 0, 0, 0, 0, 15735, 0, 0, 0, 0, 0, '', 0, ''),
(674, 40, '武林外传官方客户端', 'http://www.wulin2.com.cn/download/client.htm', 2, 0, 0, 0, 1, 5083, 0, 0, 0, 0, 0, '', 0, ''),
(675, 40, '武林外传官方网站', 'http://www.wulin2.com.cn/', 1, 0, 0, 0, 0, 0, 0, 0, 0, 0, 0, '', 0, ''),
(676, 40, '武林外传客户端迅雷下载', 'http://game.xunlei.com/xs00162.htm', 3, 0, 0, 0, 3, 4252, 0, 0, 0, 0, 0, '', 0, ''),
(677, 40, '武林外传补丁下载', 'http://www.wulin2.com.cn/', 4, 0, 0, 0, 22, 49866, 0, 0, 3, 0, 0, '', 0, ''),
(678, 40, '17173-武林外传', 'http://wulin2.17173.com/', 5, 0, 0, 0, 0, 2857, 0, 0, 0, 0, 0, '', 0, ''),
(679, 40, '腾讯游戏-武林外传', 'http://gamezone.qq.com/z/wulin2/', 6, 0, 0, 0, 2, 4548, 0, 0, 0, 0, 0, '', 0, ''),
(680, 40, '新浪游戏-武林外传', 'http://games.sina.com.cn/o/z/wulin2/', 7, 0, 0, 0, 3, 4762, 0, 0, 0, 0, 0, '', 0, ''),
(681, 40, '武林外传吧', 'http://post.baidu.com/f?ct=318898176&tn=baiduKeywordSearch&sc=292790&pn=0&rn=50&lm=4&rs3=0&word=%CE%E4%C1%D6%CD%E2%B4%AB', 8, 0, 0, 0, 1, 2969, 0, 0, 0, 0, 0, '', 0, ''),
(682, 40, '武林外传-766游戏网', 'http://wulin2.766.com/', 9, 0, 0, 0, 0, 2185, 0, 0, 0, 0, 0, '', 0, ''),
(683, 43, '冒险岛官方网站', 'http://mxd.sdo.com/', 1, 0, 0, 0, 51, 72873, 0, 1, 1, 0, 0, '', 0, ''),
(684, 43, '冒险岛客户端下载', 'http://mxd.sdo.com/web/home/downloads.asp?a=1', 2, 0, 0, 0, 8, 4082, 0, 0, 0, 0, 0, '', 0, ''),
(687, 43, '17173-冒险岛专区', 'http://mxd.17173.com/', 5, 0, 0, 0, 0, 4167, 0, 0, 0, 0, 0, '', 0, ''),
(688, 43, '冒险岛主题站', 'http://www.maoxiandao.com/', 6, 0, 0, 0, 3, 7253, 0, 0, 1, 0, 0, '', 0, ''),
(689, 43, '由我网-冒险岛', 'http://mxd.youwo.com/', 7, 0, 0, 0, 1, 4862, 0, 0, 0, 0, 0, '', 0, ''),
(690, 43, '冒险岛官方论坛', 'http://bbs.mxd.sdo.com/', 3, 0, 0, 0, 1, 848, 0, 0, 0, 0, 0, '', 0, ''),
(691, 43, '766冒险岛', 'http://mxd.766.com/', 9, 0, 0, 0, 13, 16113, 0, 0, 1, 0, 0, '', 0, ''),
(693, 43, 'eNET冒险岛', 'http://games.enet.com.cn/zhuanti/mxd/', 11, 0, 0, 0, 3, 5536, 0, 0, 1, 0, 0, '', 0, ''),
(694, 43, '冒险岛_腾讯游戏', 'http://gamezone.qq.com/z/mxd/', 12, 0, 0, 0, 4, 9006, 0, 0, 0, 0, 0, '', 0, ''),
(695, 43, '冒险岛_太平洋游戏', 'http://www.pcgames.com.cn/netgames/zhuanti/mxd/', 13, 0, 0, 0, 6, 4601, 0, 0, 1, 0, 0, '', 0, ''),
(707, 44, '7k7k小游戏', 'http://www.7k7k.com/', 1, 0, 0, 0, 842, 973748, 0, 1, 52, 0, 0, '', 0, ''),
(708, 44, '4399小游戏', 'http://www.4399.com/', 2, 0, 0, 0, 0, 85345, 0, 0, 0, 0, 0, '', 0, ''),
(710, 44, '在线小游戏', 'http://www.game.com.cn/', 4, 0, 0, 0, 0, 454582, 0, 0, 0, 0, 0, '', 0, '#FF0000'),
(712, 44, '小游戏007', 'http://www.yx007.com/', 6, 0, 0, 0, 301, 293452, 0, 0, 21, 0, 0, '', 0, ''),
(713, 44, '456小游戏', 'http://www.456.net/', 7, 0, 0, 0, 76, 101756, 0, 1, 3, 0, 0, '', 0, ''),
(714, 44, 'QQ游戏频道', 'http://games.qq.com/mini/mini.shtml', 8, 0, 0, 0, 159, 282641, 0, 1, 8, 0, 0, '', 0, ''),
(715, 44, '21CN 小游戏', 'http://game.21cn.com/mini/', 9, 0, 0, 0, 75, 151066, 0, 3, 4, 0, 0, '', 0, ''),
(716, 44, '牛牛游戏', 'http://www.niu-niu.com/', 10, 0, 0, 0, 11, 13807, 0, 0, 2, 0, 0, '', 0, ''),
(718, 44, 'Gameyes 小游戏', 'http://www.gameyes.com/', 12, 0, 0, 0, 7, 14246, 0, 1, 4, 0, 0, '', 0, ''),
(723, 45, '超级女生', 'http://www.game.com.cn/games/2/3/chaojinvsheng.html', 1, 0, 0, 0, 0, 34357, 0, 0, 0, 0, 0, '', 0, ''),
(724, 45, '明天我要嫁给你', 'http://www.game.com.cn/games/3/3/mingtianwoyaojiageini.html', 2, 0, 0, 0, 0, 39318, 0, 0, 0, 0, 0, '', 0, ''),
(726, 45, '多变女郎', 'http://www.game.com.cn/games/8/3/dbnl.html', 4, 0, 0, 0, 0, 15529, 0, 0, 0, 0, 0, '', 0, ''),
(727, 45, '美女试衣9', 'http://www.game.com.cn/games/9/3/meinvshiyi9.html', 5, 0, 0, 0, 0, 21197, 0, 0, 0, 0, 0, '', 0, ''),
(728, 45, '做女人挺好', 'http://www.game.com.cn/games/2/4/znrth.html', 6, 0, 0, 0, 0, 25370, 0, 0, 0, 0, 0, '', 0, ''),
(729, 45, '精灵美眉', 'http://www.game.com.cn/games/5/4/jinglmm0206.html', 6, 0, 0, 0, 0, 13485, 0, 0, 0, 0, 0, '', 0, ''),
(730, 45, '美眉去约会', 'http://www.game.com.cn/games/7/4/mmqyh.html', 7, 0, 0, 0, 0, 28262, 0, 0, 0, 0, 0, '', 0, ''),
(731, 45, '女皇万岁', 'http://www.game.com.cn/games/8/4/nwwans.html', 8, 0, 0, 0, 0, 13868, 0, 0, 0, 0, 0, '', 0, ''),
(733, 45, '变性美媚', 'http://www.game.com.cn/games/3/7/bianxingmeimei.html', 9, 0, 0, 0, 0, 18808, 0, 0, 0, 0, 0, '', 0, ''),
(734, 45, '勾魂六件套', 'http://www.game.com.cn/games/2/2/ghljt.html', 10, 0, 0, 0, 0, 29372, 0, 0, 0, 0, 0, '', 0, ''),
(735, 45, '发廊小姐', 'http://www.game.com.cn/games/4/2/falangxiaojie.html', 11, 0, 0, 0, 0, 29770, 0, 0, 0, 0, 0, '', 0, ''),
(738, 45, '动感少女之星', 'http://www.game.com.cn/games/2/1/gssjwt.html', 14, 0, 0, 0, 0, 15703, 0, 0, 0, 0, 0, '', 0, ''),
(739, 45, '美少女战士', 'http://www.game.com.cn/games/8/2/msnzs.html', 15, 0, 0, 0, 0, 14447, 0, 0, 0, 0, 0, '', 0, ''),
(740, 45, '美丽的公主', 'http://www.game.com.cn/games/2/7/gzhuhuanyi.html', 16, 0, 0, 0, 0, 11680, 0, 0, 0, 0, 0, '', 0, ''),
(741, 45, '美眉制造机', 'http://www.game.com.cn/games/1/3/mmzzj.html', 17, 0, 0, 0, 0, 17321, 0, 0, 0, 0, 0, '', 0, ''),
(742, 45, '美女更衣19', 'http://www.game.com.cn/games/0/4/mngy19.html', 18, 0, 0, 0, 0, 31372, 0, 0, 0, 0, 0, '', 0, ''),
(743, 45, '美女更衣20', 'http://www.game.com.cn/games/3/4/meinvgengyi20.html', 19, 0, 0, 0, 0, 24495, 0, 0, 0, 0, 0, '', 0, ''),
(744, 45, '公主换衣', 'http://www.game.com.cn/games/2/7/gzhuhuanyi.html', 20, 0, 0, 0, 0, 35357, 0, 0, 0, 0, 0, '', 0, ''),
(746, 45, '时装秀3', 'http://www.xiazaiba.com/html/694.html ', 21, 0, 0, 0, 0, 15249, 0, 0, 0, 0, 0, '', 0, ''),
(747, 45, '魔女的条件', 'http://www.game.com.cn/games/6/3/mndtj.html', 22, 0, 0, 0, 0, 33495, 0, 0, 0, 0, 0, '', 0, ''),
(748, 45, '美女换装14', 'http://www.game.com.cn/games/9/4/meinvhuanzhuang14.html', 23, 0, 0, 0, 0, 19718, 0, 0, 0, 0, 0, '', 0, ''),
(749, 45, '性感小野猫', 'http://www.game.com.cn/games/0/5/xgxym.html', 24, 0, 0, 0, 0, 22467, 0, 0, 0, 0, 0, '', 0, ''),
(750, 45, 'MM化妆师', 'http://www.game.com.cn/games/0/1/mmhuazhuangshi.html', 25, 0, 0, 0, 0, 24831, 0, 0, 0, 0, 0, '', 0, ''),
(751, 45, '芭比娃娃化妆', 'http://www.game.com.cn/games/5/5/babiwawahuazhuang.html', 26, 0, 0, 0, 0, 28668, 0, 0, 0, 0, 0, '', 0, ''),
(752, 45, '发廊美媚3', 'http://www.xiaoyouxi.com/down/soft/862/24067.htm', 26, 0, 0, 0, 16, 20345, 0, 1, 0, 0, 0, '', 0, ''),
(753, 45, '美女衣橱', 'http://www.game.com.cn/youxi/2/8/girlfashion.html', 27, 0, 0, 0, 16, 20472, 0, 0, 1, 0, 0, '', 0, ''),
(754, 45, '芙蓉换装', 'http://www.game.com.cn/youxi/2/7/furonghuanzhuang.html', 28, 0, 0, 0, 9, 19163, 0, 0, 0, 0, 0, '', 0, ''),
(755, 45, '美眉学化妆', 'http://www.game.com.cn/games/4/4/mmxhuaz.html', 29, 0, 0, 0, 0, 20883, 0, 0, 0, 0, 0, '', 0, ''),
(756, 45, '灰姑娘', 'http://www.game.com.cn/games/0/5/huiguniang.html', 30, 0, 0, 0, 0, 27261, 0, 0, 0, 0, 0, '', 0, ''),
(757, 45, '营救小猫咪', 'http://www.game.com.cn/games/2/9/jjxmm.html', 31, 0, 0, 0, 0, 15755, 0, 0, 0, 0, 0, '', 0, ''),
(758, 45, '睡衣美女换装', 'http://www.game.com.cn/youxi/7/0/shuiyimm.html', 32, 0, 0, 0, 34, 38758, 0, 0, 5, 0, 0, '', 0, ''),
(759, 45, '靓女绚彩美甲秀', 'http://www.game.com.cn/games/6/4/girlnail.html', 33, 0, 0, 0, 0, 23048, 0, 0, 0, 0, 0, '', 0, ''),
(760, 45, '精灵换装', 'http://www.game.com.cn/youxi/2/2/spiritcloth.html', 34, 0, 0, 0, 7, 9825, 0, 0, 0, 0, 0, '', 0, ''),
(761, 45, '红发少女', 'http://www.game.com.cn/youxi/1/9/refhair.html', 35, 0, 0, 0, 14, 11923, 0, 0, 1, 0, 0, '', 0, ''),
(762, 45, '设计漂亮娃娃', 'http://www.game.com.cn/youxi/8/8/prettydoll.html', 36, 0, 0, 0, 23, 29296, 0, 1, 1, 0, 0, '', 0, ''),
(763, 45, '邻家女孩', 'http://www.game.com.cn/youxi/8/8/beauty.html', 37, 0, 0, 0, 16, 19947, 0, 0, 0, 0, 0, '', 0, ''),
(764, 45, '莉莉更衣', 'http://www.game.com.cn/youxi/6/5/lilicloth.html', 38, 0, 0, 0, 21, 34356, 0, 0, 1, 0, 0, '', 0, ''),
(765, 45, '冬日恋歌', 'http://www.game.com.cn/games/8/4/dongriliange.html', 39, 0, 0, 0, 0, 15717, 0, 0, 0, 0, 0, '', 0, ''),
(766, 45, '搭配秋季服饰', 'http://www.game.com.cn/games/6/4/qiujifushi.html', 40, 0, 0, 0, 0, 20207, 0, 0, 0, 0, 0, '', 0, ''),
(767, 45, '美眉的化妆间', 'http://www.game.com.cn/games/7/4/mmhuazhuang.html', 41, 0, 0, 0, 0, 39638, 0, 0, 0, 0, 0, '', 0, ''),
(768, 46, '美女餐厅III', 'http://www.game.com.cn/games/9/9/MMdiningroomIII.html', 1, 0, 0, 0, 0, 49381, 0, 0, 0, 0, 0, '', 0, ''),
(769, 46, '料理大师panny', 'http://www.game.com.cn/games/2/0/masterpanny.html', 2, 0, 0, 0, 0, 20443, 0, 0, 0, 0, 0, '', 0, ''),
(770, 46, '小MM蛋糕师傅', 'http://www.game.com.cn/games/4/0/MMcake.html', 3, 0, 0, 0, 0, 24515, 0, 0, 0, 0, 0, '', 0, ''),
(771, 46, '美眉包饺子', 'http://www.game.com.cn/games/8/0/MMdumpling.html', 4, 0, 0, 0, 0, 31073, 0, 0, 0, 0, 0, '', 0, ''),
(772, 46, 'MM学做早餐', 'http://www.xiaoyouxi.com/down/soft/1005/23711.htm', 5, 0, 0, 0, 9, 18467, 0, 0, 0, 0, 0, '', 0, ''),
(773, 46, '大头妹做蛋糕', 'http://www.xiaoyouxi.com/down/soft/1005/23712.htm', 6, 0, 0, 0, 12, 30246, 0, 0, 0, 0, 0, '', 0, ''),
(774, 46, '大头妹汉堡师父', 'http://www.xiaoyouxi.com/down/soft/1005/23715.htm', 7, 0, 0, 0, 9, 10973, 0, 0, 2, 0, 0, '', 0, ''),
(775, 46, '贝蒂的啤酒吧 ', 'http://www.xiazaiba.com/html/670.html ', 8, 0, 0, 0, 18, 29463, 0, 0, 1, 0, 0, '', 0, ''),
(776, 46, '能当厨师吗', 'http://www.xiaoyouxi.com/down/soft/1005/23719.htm', 9, 0, 0, 0, 8, 20316, 0, 0, 1, 0, 0, '', 0, ''),
(777, 46, '煎鸡蛋', 'http://www.game.com.cn/games/7/4/jianjidan.html', 10, 0, 0, 0, 0, 15562, 0, 0, 0, 0, 0, '', 0, ''),
(778, 46, '中国娃娃做料理', 'http://www.xiaoyouxi.com/down/soft/1005/23720.htm', 11, 0, 0, 0, 8, 19148, 0, 0, 1, 0, 0, '', 0, ''),
(779, 46, '墨西哥速食店', 'http://www.xiaoyouxi.com/down/soft/1005/23721.htm', 12, 0, 0, 0, 6, 13157, 0, 0, 0, 0, 0, '', 0, ''),
(780, 46, '夏日早餐', 'http://www.xiaoyouxi.com/down/soft/1005/23732.htm', 13, 0, 0, 0, 7, 18319, 0, 0, 0, 0, 0, '', 0, ''),
(781, 46, '天使面包坊', 'http://www.xiaoyouxi.com/down/soft/1005/21752.htm', 14, 0, 0, 0, 10, 17956, 0, 0, 0, 0, 0, '', 0, ''),
(782, 46, '海边烧烤', 'http://www.game.com.cn/games/0/2/haibianshaokao.html', 15, 0, 0, 0, 0, 16491, 0, 0, 0, 0, 0, '', 0, ''),
(783, 46, '麦当劳快餐厅', 'http://www.game.com.cn/games/3/0/kuaicanting.html', 16, 0, 0, 0, 0, 26689, 0, 0, 0, 0, 0, '', 0, ''),
(784, 46, '零食加工厂', 'http://www.game.com.cn/games/6/4/lsjgc.html', 17, 0, 0, 0, 0, 19497, 0, 0, 0, 0, 0, '', 0, ''),
(785, 46, '厨师团队', 'http://www.xiazaiba.com/html/693.html ', 19, 0, 0, 0, 8, 18995, 0, 0, 0, 0, 0, '', 0, ''),
(786, 46, '梦幻蛋糕屋', 'http://www.game.com.cn/games/9/0/dangaowu.html', 20, 0, 0, 0, 0, 30482, 0, 0, 0, 0, 0, '', 0, ''),
(787, 46, '活力早餐', 'http://www.game.com.cn/games/2/1/huolizaocan.html', 21, 0, 0, 0, 0, 12289, 0, 0, 0, 0, 0, '', 0, ''),
(788, 46, 'MM汉堡店', 'http://www.game.com.cn/youxi/7/3/mmhanbaodian.html', 22, 0, 0, 0, 8, 17195, 0, 0, 1, 0, 0, '', 0, ''),
(789, 46, '你是我客人', 'http://www.game.com.cn/youxi/4/3/zuofan.html', 23, 0, 0, 0, 1, 21186, 0, 0, 0, 0, 0, '', 0, ''),
(790, 46, '烤肉串车', 'http://www.game.com.cn/youxi/8/8/kebabvan.html', 24, 0, 0, 0, 11, 27622, 0, 0, 2, 0, 0, '', 0, ''),
(791, 46, '煎鸡蛋', 'http://www.game.com.cn/youxi/7/4/jianjidan.html', 25, 0, 0, 0, 19, 33200, 0, 0, 1, 0, 0, '', 0, ''),
(792, 46, '厨师烧烤店', 'http://www.game.com.cn/youxi/5/0/shaokaodian.html', 26, 0, 0, 0, 10, 19658, 0, 0, 2, 0, 0, '', 0, ''),
(1404, 45, '华丽新年礼服', 'http://www.4399.com/flash/10166.htm', 100, 0, 0, 0, 0, 0, 0, 0, 0, 0, 0, '', 0, ''),
(794, 46, '鸡排大王', 'http://www.game.com.cn/youxi/1/7/jipai.html', 28, 0, 0, 0, 6, 26968, 0, 0, 1, 0, 0, '', 0, ''),
(795, 46, '快餐店服务生', 'http://www.game.com.cn/youxi/5/1/kcdfws.html', 29, 0, 0, 0, 7, 22475, 0, 0, 0, 0, 0, '', 0, ''),
(796, 47, '掌机地带', 'http://psp.chinagba.com/', 1, 0, 0, 0, 10, 22709, 0, 0, 1, 0, 0, '', 0, ''),
(798, 47, '太平洋游戏PSP', 'http://www.pcgames.com.cn/tvgames/topic/psp/', 3, 0, 0, 0, 6, 10148, 0, 0, 1, 0, 0, '', 0, ''),
(799, 47, 'TOM PSP', 'http://games.tom.com/zt/psp/', 4, 0, 0, 0, 1, 2446, 0, 0, 0, 0, 0, '', 0, ''),
(800, 47, 'CnGba-PSP讨论论坛', 'http://www.cngba.com/forum-122-1.html', 5, 0, 0, 0, 0, 0, 0, 0, 0, 0, 0, '', 0, ''),
(802, 47, '21CN PSP', 'http://game.21cn.com/console/psp/', 7, 0, 0, 0, 2, 2496, 0, 0, 0, 0, 0, '', 0, ''),
(803, 47, 'SINA - PSP专区', 'http://games.sina.com.cn/t/PSP.shtml', 8, 0, 0, 0, 4, 2119, 0, 0, 0, 0, 0, '', 0, ''),
(804, 47, 'PSP日本官方网站', 'http://www.playstation.jp/', 9, 0, 0, 0, 3, 3593, 0, 0, 1, 0, 0, '', 0, ''),
(805, 47, '雷神下载', 'http://www.pspper.com/', 10, 0, 0, 0, 2, 6631, 0, 0, 0, 0, 0, '', 0, ''),
(807, 47, 'PSP中国', 'http://bbs.pspchina.net/', 12, 0, 0, 0, 1, 6118, 0, 0, 0, 0, 0, '', 0, ''),
(808, 47, 'PSP资源BT下载', 'http://bt.cngba.com/', 13, 0, 0, 0, 22, 39026, 0, 0, 0, 0, 0, '', 0, ''),
(810, 47, 'psp常用工具', 'http://down.cngba.com/psp/pspsoft/tools/', 15, 0, 0, 0, 0, 4034, 0, 0, 0, 0, 0, '', 0, ''),
(811, 47, 'PSP常见问题', 'http://www.hao123.com/zhidao/zhidao_psp.htm', 16, 0, 0, 0, 1, 1341, 0, 0, 0, 0, 0, '', 0, ''),
(812, 47, 'PSP游戏之家', 'http://psp.gamehome.tv/', 17, 0, 0, 0, 3, 8815, 0, 0, 0, 0, 0, '', 0, ''),
(814, 47, 'WII美国官方网站', 'http://us.wii.com/', 18, 0, 0, 0, 2, 1248, 0, 0, 0, 0, 0, '', 0, ''),
(815, 47, 'NDS官方网站', 'http://touch-ds.jp/', 20, 0, 0, 0, 0, 1078, 0, 0, 0, 0, 0, '', 0, ''),
(816, 47, 'PS3官方网站', 'http://www.playbeyond.jp/main.html', 21, 0, 0, 0, 1, 1669, 0, 0, 1, 0, 0, '', 0, ''),
(817, 47, 'XBOX官方玩站', 'http://www.xbox.com/en-US/', 22, 0, 0, 0, 1, 939, 0, 0, 1, 0, 0, '', 0, '');
INSERT INTO `ylmf_zhuantisite` (`id`, `class`, `name`, `url`, `displayorder`, `inindex`, `day`, `week`, `month`, `total`, `indexdisplayorder`, `yesterday`, `byesterday`, `starttime`, `endtime`, `remark`, `end`, `namecolor`) VALUES
(818, 47, 'CnGba - Xbox360全方位讨论', 'http://www.cngba.com/forum-122-1.html', 23, 0, 0, 0, 3, 2137, 0, 0, 2, 0, 0, '', 0, ''),
(819, 47, 'xbox-sky', 'http://www.xbox-sky.com/', 24, 0, 0, 0, 6, 8459, 0, 0, 0, 0, 0, '', 0, ''),
(820, 47, '太平洋电视游戏', 'http://www.pcgames.com.cn/tvgames/', 25, 0, 0, 0, 20, 24983, 0, 0, 0, 0, 0, '', 0, ''),
(821, 47, '任天堂世界', 'http://www.nwbbs.com/', 26, 0, 0, 0, 27, 32956, 0, 0, 3, 0, 0, '', 0, ''),
(822, 47, 'QQ电子游戏', 'http://gamezone.qq.com/tvgame/tvgame.shtml', 27, 0, 0, 0, 4, 5083, 0, 0, 1, 0, 0, '', 0, ''),
(823, 47, 'pchome游戏站', 'http://game.pchome.net/tvg/', 28, 0, 0, 0, 21, 31195, 0, 0, 2, 0, 0, '', 0, ''),
(824, 47, 'SINA电视游戏', 'http://games.sina.com.cn/t', 29, 0, 0, 0, 16, 18977, 0, 0, 2, 0, 0, '', 0, ''),
(825, 47, 'enet电视游戏', 'http://games.enet.com.cn/console.shtml', 30, 0, 0, 0, 16, 26409, 0, 0, 1, 0, 0, '', 0, ''),
(826, 47, 'WII讨论区', 'http://www.cngba.com/forum-191-1.html', 31, 0, 0, 0, 1, 382, 0, 0, 0, 0, 0, '', 0, ''),
(827, 47, '21CN电视游戏', 'http://game.21cn.com/console/', 32, 0, 0, 0, 1, 2326, 0, 0, 0, 0, 0, '', 0, ''),
(829, 47, 'levelup', 'http://www.levelup.cn/', 35, 0, 0, 0, 0, 1001, 0, 0, 0, 0, 0, '', 0, ''),
(830, 47, 'IT世界电视游戏', 'http://it.com.cn/games/tv/', 36, 0, 0, 0, 0, 2115, 0, 0, 0, 0, 0, '', 0, ''),
(831, 47, 'TOM电视游戏', 'http://games.tom.com/tvgame/', 37, 0, 0, 0, 9, 13433, 0, 0, 1, 0, 0, '', 0, ''),
(832, 48, '极品飞车官方站(英)', 'http://www.eagames.com/redesign/home.jsp', 1, 0, 0, 0, 40, 64273, 0, 0, 4, 0, 0, '', 0, ''),
(833, 48, '极品飞车吧', 'http://post.baidu.com/f?ct=&tn=&rn=&pn=&lm=&sc=&kw=%BC%AB%C6%B7%B7%C9%B3%B5&rs2=0&myselectvalue=1&word=%BC%AB%C6%B7%B7%C9%B3%B5&tb=on', 2, 0, 0, 0, 46, 84618, 0, 0, 2, 0, 0, '', 0, ''),
(834, 48, '新浪极品飞车', 'http://games.sina.com.cn/z/nfs/indexpage.shtml', 3, 0, 0, 0, 22, 50044, 0, 1, 6, 0, 0, '', 0, ''),
(835, 48, 'enet极品飞车', 'http://games.enet.com.cn/zhuanti/nfs7ug2/', 4, 0, 0, 0, 7, 18543, 0, 0, 1, 0, 0, '', 0, ''),
(836, 48, '52PK极品飞车下载中心', 'http://down.52pk.net/sort/194_1.htm', 5, 0, 0, 0, 60, 104410, 0, 0, 2, 0, 0, '', 0, ''),
(837, 48, '21CN极品飞车', 'http://game.21cn.com/zhuanti/needforspeed8/', 6, 0, 0, 0, 22, 34081, 0, 0, 2, 0, 0, '', 0, ''),
(838, 48, 'QQ极品飞车', 'http://gamezone.qq.com/z/nfs7/', 7, 0, 0, 0, 41, 48845, 0, 0, 3, 0, 0, '', 0, ''),
(839, 49, '暗黑破坏神下载', 'http://www.gougou.com/search?search=%E6%9A%97%E9%BB%91%E7%A0%B4%E5%9D%8F%E7%A5%9E&restype=-1&id=100002', 1, 0, 0, 0, 63, 62764, 0, 2, 8, 0, 0, '', 0, ''),
(840, 49, '毁灭之王硬盘版', 'http://www.gougou.com/search?search=%E6%9A%97%E9%BB%91%E7%A0%B4%E5%9D%8F%E7%A5%9E%E6%AF%81%E7%81%AD%E4%B9%8B%E7%8E%8B&restype=-1&id=100002', 2, 0, 0, 0, 10, 16806, 0, 0, 0, 0, 0, '', 0, ''),
(841, 49, '暗黑破坏神视频', 'http://video.baidu.com/v?word=%B0%B5%BA%DA%C6%C6%BB%B5%C9%F1&ct=301989888&rn=20&pn=0&db=0&s=0', 4, 0, 0, 0, 15, 9182, 0, 0, 1, 0, 0, '', 0, ''),
(842, 49, '暗黑破坏神吧', 'http://post.baidu.com/f?ct=318898176&tn=baiduKeywordSearch&sc=3311&pn=0&rn=50&lm=4&rs3=0&word=%B0%B5%BA%DA%C6%C6%BB%B5%C9%F1', 6, 0, 0, 0, 5, 5101, 0, 0, 1, 0, 0, '', 0, ''),
(843, 49, 'u9暗黑破坏神2专题站', 'http://d2.uuu9.com/', 7, 0, 0, 0, 3, 4050, 0, 1, 1, 0, 0, '', 0, ''),
(844, 49, '暗黑2_新浪游戏', 'http://games.sina.com.cn/z/d2x/indexpage.shtml', 8, 0, 0, 0, 7, 10738, 0, 0, 0, 0, 0, '', 0, ''),
(845, 49, 'impk战网论坛', 'http://www.impk.net/', 9, 0, 0, 0, 0, 1896, 0, 0, 0, 0, 0, '', 0, ''),
(846, 49, '暴血官方战网(英)', 'http://www.battle.net/', 10, 0, 0, 0, 1, 2667, 0, 0, 0, 0, 0, '', 0, ''),
(847, 49, '中国暗黑世界', 'http://chinabn.xiyou.net/', 11, 0, 0, 0, 2, 7283, 0, 1, 0, 0, 0, '', 0, ''),
(848, 50, '《罪恶都市》硬盘版', 'http://www.xiazaiba.com/html/864.html', 1, 0, 0, 0, 156, 114199, 0, 1, 9, 0, 0, '', 0, ''),
(849, 50, '《圣安地利斯》硬盘版下载', 'http://www.gougou.com/search?search=%E4%BE%A0%E7%9B%97%E7%8C%8E%E8%BD%A6%E6%89%8B%E5%9C%A3%E5%AE%89%E5%9C%B0%E5%88%97%E6%96%AF&restype=-1&id=100002', 2, 0, 0, 0, 35, 45895, 0, 0, 2, 0, 0, '', 0, ''),
(850, 50, '侠盗中文网', 'http://www.xiadaocn.com/', 3, 0, 0, 0, 38, 28282, 0, 0, 1, 0, 0, '', 0, ''),
(851, 50, '侠盗猎车吧', 'http://post.baidu.com/f?kw=侠盗猎车', 4, 0, 0, 0, 28, 35402, 0, 0, 2, 0, 0, '', 0, ''),
(852, 50, '《罪恶都市》完全作弊码', 'http://games.sina.com.cn/handbook/2003/08/05144.shtml', 5, 0, 0, 0, 42, 25440, 0, 1, 5, 0, 0, '', 0, ''),
(853, 50, '《圣安地列斯》完全作弊码', 'http://gta.uuu9.com/2007/200704/79.shtml', 6, 0, 0, 0, 46, 26775, 0, 0, 2, 0, 0, '', 0, ''),
(854, 50, '《罪恶都市》垃圾车秘籍', 'http://games.sina.com.cn/j/h/2005-01-04/1700.shtml', 7, 0, 0, 0, 50, 21732, 0, 0, 3, 0, 0, '', 0, ''),
(855, 50, '《圣安地列斯》全密技', 'http://www.southcn.com/it/itgame/tvgames/miji/200501190082.htm', 8, 0, 0, 0, 16, 12340, 0, 0, 1, 0, 0, '', 0, ''),
(856, 50, '《圣安地列斯》21cn专区', 'http://game.21cn.com/zhuanti/gta4/', 9, 0, 0, 0, 6, 6636, 0, 0, 0, 0, 0, '', 0, ''),
(857, 50, '侠盗飞车相关图片', 'http://image.baidu.com/i?tn=baiduimage&word=%CF%C0%B5%C1%B7%C9%B3%B5&z=0&lm=-1&ct=201326592&cl=2', 10, 0, 0, 0, 17, 16138, 0, 0, 0, 0, 0, '', 0, ''),
(858, 50, '《罪恶都市》联机介绍', 'http://gta.uuu9.com/2007/200704/291.shtml', 11, 0, 0, 0, 16, 9926, 0, 0, 2, 0, 0, '', 0, ''),
(859, 50, '《圣安地列斯》联机介绍', 'http://gta.uuu9.com/2007/200704/288.shtml', 12, 0, 0, 0, 13, 5602, 0, 0, 0, 0, 0, '', 0, ''),
(863, 51, '祖玛的复仇', 'http://www.xiazaiba.com/html/245.html', 1, 0, 0, 0, 26, 31402, 0, 0, 1, 0, 0, '', 0, ''),
(862, 50, '侠盗sina资料库', 'http://games.sina.com.cn/j/c/2005-04-30/2119.shtml', 15, 0, 0, 0, 9, 9648, 0, 0, 0, 0, 0, '', 0, ''),
(870, 51, '熊猫祖玛', 'http://comic.sina.com.cn/f/2005-04-12/201050286.shtml', 7, 0, 0, 0, 15, 11728, 0, 1, 1, 0, 0, '', 0, ''),
(871, 51, '海底祖玛', 'http://www.456.net/games/1046.htm', 8, 0, 0, 0, 8, 12088, 0, 0, 0, 0, 0, '', 0, ''),
(873, 51, '泡泡龙flash版', 'http://www.chinaren.com/20050407/n225075682.shtml', 10, 0, 0, 0, 2, 3534, 0, 0, 0, 0, 0, '', 0, ''),
(875, 51, '球类泡泡龙', 'http://www.xiazaiba.com/html/638.html', 12, 0, 0, 0, 0, 11287, 0, 0, 0, 0, 0, '', 0, ''),
(876, 51, '芭比娃娃泡泡龙', 'http://cnc.gameyes.com/swf/_8053.htm', 13, 0, 0, 0, 4, 14034, 0, 0, 0, 0, 0, '', 0, ''),
(877, 51, '勇者泡泡龙', 'http://www.4399.com/flash/1352.htm', 15, 0, 0, 0, 6, 5638, 0, 0, 0, 0, 0, '', 0, ''),
(879, 51, '无敌泡泡龙', 'http://www.4399.net/flash/6741.htm', 17, 0, 0, 0, 11, 10540, 0, 0, 0, 0, 0, '', 0, ''),
(880, 51, '泡泡龙大作战', 'http://www.4399.net/flash/1937.htm', 18, 0, 0, 0, 12, 10173, 0, 0, 1, 0, 0, '', 0, ''),
(881, 51, '水果祖玛', 'http://www.456.net/games/3479.htm', 19, 0, 0, 0, 10, 14854, 0, 1, 0, 0, 0, '', 0, ''),
(882, 51, '寿司祖玛', 'http://www.456.net/games/3273.htm', 20, 0, 0, 0, 4, 7649, 0, 0, 0, 0, 0, '', 0, ''),
(883, 51, '行星祖玛', 'http://www.4399.net/flash/6567.htm', 21, 0, 0, 0, 7, 4860, 0, 0, 0, 0, 0, '', 0, ''),
(1346, 51, '祖玛合集', 'http://www.game.com.cn/searchcache/zuma.html', 22, 0, 0, 0, 0, 0, 0, 0, 0, 0, 0, '', 0, ''),
(887, 52, 'FIFA足球游戏下载', 'http://game.gougou.com/search?search=FIFA2007&restype=1&id=1000000', 1, 0, 0, 0, 23, 34978, 0, 0, 0, 0, 0, '', 0, ''),
(888, 48, 'FIFA系列下载(52pk)', 'http://down.52pk.com/sort/209_1.htm', 2, 0, 0, 0, 0, 0, 0, 0, 0, 0, 0, '', 0, ''),
(889, 52, 'FIFA系列下载(52pk)', 'http://down.52pk.com/sort/209_1.htm', 2, 0, 0, 0, 16, 31054, 0, 0, 1, 0, 0, '', 0, ''),
(890, 52, 'FIFA足球游戏视频', 'http://video.baidu.com/v?word=FIFA&ct=301989888&rn=20&pn=0&db=0&s=0', 3, 0, 0, 0, 1, 3205, 0, 0, 0, 0, 0, '', 0, ''),
(891, 52, '实况足球下载', 'http://down.52pk.com/sort/42_1.htm', 4, 0, 0, 0, 25, 33993, 0, 2, 2, 0, 0, '', 0, ''),
(892, 52, '实况足球视频', 'http://video.baidu.com/v?word=%CA%B5%BF%F6%D7%E3%C7%F2&ct=301989888&rn=20&pn=0&db=0&s=0', 5, 0, 0, 0, 1, 3416, 0, 0, 0, 0, 0, '', 0, ''),
(893, 52, '足球经理系列下载', 'http://game.gougou.com/search?search=%E8%B6%B3%E7%90%83%E7%BB%8F%E7%90%86&restype=1&id=1', 6, 0, 0, 0, 3, 5689, 0, 0, 0, 0, 0, '', 0, ''),
(894, 52, '足球经理视频', 'http://video.baidu.com/v?word=%D7%E3%C7%F2+%BE%AD%C0%ED&ct=301989888&rn=20&pn=0&db=0&s=0&fbl=1024', 7, 0, 0, 0, 1, 1508, 0, 0, 0, 0, 0, '', 0, ''),
(895, 52, '非凡网', 'http://www.playfifa.com/', 8, 0, 0, 0, 0, 643, 0, 0, 0, 0, 0, '', 0, ''),
(896, 52, 'Fifa吧', 'http://post.baidu.com/f?ct=&tn=&rn=&pn=&lm=&sc=&kw=fifa&rs2=0&myselectvalue=1&word=fifa&tb=on', 9, 0, 0, 0, 0, 562, 0, 0, 0, 0, 0, '', 0, ''),
(897, 52, 'Fifa太平洋站', 'http://www.pcgames.com.cn/fight/fifa/', 10, 0, 0, 0, 0, 495, 0, 0, 0, 0, 0, '', 0, ''),
(898, 52, 'FIFA大联盟论坛', 'http://bbs.fifachina.net/', 11, 0, 0, 0, 0, 879, 0, 0, 0, 0, 0, '', 0, ''),
(899, 52, '完全实况论坛', 'http://bbs.winning11cn.com/', 12, 0, 0, 0, 2, 2812, 0, 0, 0, 0, 0, '', 0, ''),
(900, 52, '游侠论坛实况专区', 'http://game.ali213.net/forum-255-1.html', 13, 0, 0, 0, 0, 1425, 0, 0, 0, 0, 0, '', 0, ''),
(901, 52, 'WSI无限足球社区', 'http://bbs.weshareit.net/', 14, 0, 0, 0, 0, 483, 0, 0, 0, 0, 0, '', 0, ''),
(902, 52, '冠军足球经理之家', 'http://www.ourcm.net/bbs/', 15, 0, 0, 0, 2, 1648, 0, 0, 0, 0, 0, '', 0, ''),
(903, 52, '足球经理俱乐部论坛', 'http://www.fmclub.com.cn/bbs/', 16, 0, 0, 0, 0, 951, 0, 0, 0, 0, 0, '', 0, ''),
(904, 52, '游侠论坛足球经理专区', 'http://game.ali213.net/forum-271-1.html', 17, 0, 0, 0, 0, 898, 0, 0, 0, 0, 0, '', 0, ''),
(905, 52, 'FMFans-俱乐部', 'http://fmfans.cpgl.net/', 18, 0, 0, 0, 1, 718, 0, 0, 0, 0, 0, '', 0, ''),
(1345, 51, '熊宝宝祖玛', 'http://www.game.com.cn/games/3/7/xbbzuma.html', 23, 0, 0, 0, 0, 0, 0, 0, 0, 0, 0, '', 0, ''),
(910, 53, '超级玛丽玩', 'http://games.tom.com/download/mini/20031017/cjml2.html', 5, 0, 0, 0, 16, 17132, 0, 0, 1, 0, 0, '', 0, ''),
(911, 53, '新超级玛丽', 'http://games.qq.com/a/20031112/000240.htm', 6, 0, 0, 0, 41, 53972, 0, 1, 3, 0, 0, '', 0, ''),
(912, 53, '经典超级玛丽', 'http://www.nen.com.cn/72929506758754304/20041124/1551212.shtml', 7, 0, 0, 0, 44, 88199, 0, 0, 5, 0, 0, '', 0, ''),
(913, 53, '超级玛丽之路易复仇', 'http://www.456.net/games/608.htm', 8, 0, 0, 0, 14, 21432, 0, 0, 1, 0, 0, '', 0, ''),
(915, 53, '玛丽猎手', 'http://www.gameyes.com/swf/_4954.htm', 10, 0, 0, 0, 6, 10805, 0, 0, 1, 0, 0, '', 0, ''),
(916, 53, '超级玛丽飞行版', 'http://www.gameyes.com/swf/9014.htm', 11, 0, 0, 0, 14, 21188, 0, 0, 0, 0, 0, '', 0, ''),
(917, 53, '超级玛丽救公主', 'http://www.gameyes.com/swf/7994.htm', 12, 0, 0, 0, 30, 43327, 0, 0, 3, 0, 0, '', 0, ''),
(918, 54, '帝国时代硬盘版下载', 'http://down.52pk.net/sort/49_1.htm', 1, 0, 0, 0, 28, 63603, 0, 0, 1, 0, 0, '', 0, ''),
(919, 54, '帝国时代游戏视频', 'http://video.baidu.com/v?word=%B5%DB%B9%FA%CA%B1%B4%FA&ct=301989888&rn=20&pn=0&db=0&s=0', 2, 0, 0, 0, 10, 13665, 0, 0, 0, 0, 0, '', 0, ''),
(920, 54, '帝国时代3-新浪专题', 'http://games.sina.com.cn/zt/pcgames/AOE3/', 3, 0, 0, 0, 7, 11142, 0, 0, 1, 0, 0, '', 0, ''),
(921, 54, '帝国时代吧', 'http://post.baidu.com/f?ct=318898176&tn=baiduKeywordSearch&sc=13638&pn=0&rn=50&lm=4&rs3=0&word=%B5%DB%B9%FA%CA%B1%B4%FA', 4, 0, 0, 0, 5, 8451, 0, 0, 0, 0, 0, '', 0, ''),
(922, 54, '帝国时代-ZOL游戏库', 'http://youxi.zol.com.cn/pc/index3738.html', 5, 0, 0, 0, 2, 8454, 0, 0, 0, 0, 0, '', 0, ''),
(923, 54, '帝国时代罗马雄风(英文)', 'http://www.microsoft.com/games/aoeexpansion/', 6, 0, 0, 0, 13, 10952, 0, 0, 0, 0, 0, '', 0, ''),
(928, 55, '南方航空', 'http://sale.cs-air.com/ECS/products/QQSD/modules/order/checkTicket.jsp', 4, 0, 0, 0, 10, 3729, 0, 0, 2, 0, 0, '', 0, ''),
(927, 55, '深圳航空', 'http://www.shenzhenair.com/true/inputET.jsp', 7, 0, 0, 0, 1, 1364, 0, 0, 0, 0, 0, '', 0, ''),
(933, 55, '厦门航空', 'http://ca.travelsky.com/xmair/index.do#', 8, 0, 0, 0, 2, 1339, 0, 0, 0, 0, 0, '', 0, ''),
(936, 55, '金鹿航空', 'http://et.loyoyo.com/ticket/validation.do?func=validate', 5, 0, 0, 0, 0, 343, 0, 0, 0, 0, 0, '', 0, ''),
(937, 55, '春秋航空', 'http://www.china-sss.com/validation_et.asp', 5, 0, 0, 0, 2, 1286, 0, 0, 0, 0, 0, '', 0, ''),
(930, 55, '海南航空', 'http://hnair.travelsky.com/huet/', 9, 0, 0, 0, 2, 1035, 0, 0, 1, 0, 0, '', 0, ''),
(932, 55, '中国国际航空', 'http://www.travelsky.com/travelsky/static/home/', 2, 0, 0, 0, 2, 2392, 0, 0, 0, 0, 0, '', 0, ''),
(934, 55, '山东航空', 'http://219.142.127.25/sdair/index.do', 11, 0, 0, 0, 2, 587, 0, 0, 0, 0, 0, '', 0, ''),
(931, 55, '四川航空', 'http://www.scal.com.cn/ETicket/', 10, 0, 0, 0, 1, 1101, 0, 0, 0, 0, 0, '', 0, ''),
(943, 96, '汉字转换为拼音', 'http://tool.114la.com/str2py.html', 7, 0, 0, 0, 0, 10401, 0, 0, 0, 0, 0, '', 0, ''),
(951, 59, '仙剑壁纸', 'http://image.baidu.com/i?tn=baiduimage&ct=201326592&cl=2&lm=-1&rn=16&word=%CF%C9%BD%A3%C6%E6%CF%C0%B4%AB%20%D3%CE%CF%B7&z=5', 4, 0, 0, 0, 0, 11118, 0, 0, 0, 0, 0, '', 0, ''),
(949, 59, '中国仙剑联盟', 'http://www.palunion.net/bbs/', 2, 0, 0, 0, 6, 8770, 0, 0, 1, 0, 0, '', 0, ''),
(948, 59, '仙剑奇侠传四博客', 'http://blog.sina.com.cn/pal4', 1, 0, 0, 0, 10, 12761, 0, 0, 0, 0, 0, '', 0, ''),
(950, 59, '百度仙剑奇侠吧', 'http://post.baidu.com/f?kw=%CF%C9%BD%A3%C6%E6%CF%C0%B4%AB', 3, 0, 0, 0, 6, 9540, 0, 0, 0, 0, 0, '', 0, ''),
(952, 59, '仙剑4-TOM游戏', 'http://games.tom.com/zt/pal4/', 5, 0, 0, 0, 20, 17113, 0, 0, 0, 0, 0, '', 0, ''),
(953, 59, '仙剑奇侠传4台湾官方', 'http://pal.joypark.com.tw/PAL4/index.asp', 6, 0, 0, 0, 10, 12108, 0, 0, 0, 0, 0, '', 0, ''),
(954, 59, '仙剑4存档修改器', 'http://dl.it.21cn.com/list.php?id=64661', 7, 0, 0, 0, 2, 3085, 0, 0, 0, 0, 0, '', 0, ''),
(955, 59, '仙剑奇侠传4官方网站', 'http://www.softstar.sh.cn/pal4/pal4/index.htm', 8, 0, 0, 0, 18, 30215, 0, 0, 1, 0, 0, '', 0, ''),
(956, 58, '功夫小子官方', 'http://kk.sdo.com/web1.0/home/', 1, 0, 0, 0, 18, 24211, 0, 0, 2, 0, 0, '', 0, ''),
(957, 58, '功夫小子客户端下载', 'http://kk.sdo.com/project/xinshou/', 2, 0, 0, 0, 4, 8732, 0, 0, 0, 0, 0, '', 0, ''),
(958, 58, '17173功夫小子专区', 'http://kk.17173.com/', 3, 0, 0, 0, 1, 3474, 0, 0, 0, 0, 0, '', 0, ''),
(959, 58, '太平洋功夫小子专区', 'http://www.pcgames.com.cn/netgames/zhuanti/gfxz/', 4, 0, 0, 0, 1, 1387, 0, 0, 0, 0, 0, '', 0, ''),
(960, 58, '功夫多玩主题站', 'http://kk.duowan.com/', 5, 0, 0, 0, 0, 841, 0, 0, 0, 0, 0, '', 0, ''),
(961, 60, '疯狂斗地主-联众', 'http://www.ourgame.com/game/game-intro-new/newgame.html?gameid=lord3$0', 1, 0, 0, 0, 11, 13297, 0, 0, 0, 0, 0, '', 0, ''),
(963, 60, '中国游戏中心-斗地主', 'http://www.chinagames.net/mygames/cardgames/landlord/', 2, 0, 0, 0, 12, 15279, 0, 1, 1, 0, 0, '', 0, ''),
(964, 60, '新浪-斗地主', 'http://igame.sina.com.cn/game/doudizhu/', 3, 0, 0, 0, 5, 9143, 0, 1, 0, 0, 0, '', 0, ''),
(965, 60, '海宇QQ斗地主记牌器', 'http://www.onlinedown.net/soft/36311.htm', 4, 0, 0, 0, 2, 2324, 0, 0, 0, 0, 0, '', 0, ''),
(966, 60, '联众斗地主记牌器', 'http://www.onlinedown.net/soft/43796.htm', 6, 0, 0, 0, 0, 2692, 0, 0, 0, 0, 0, '', 0, ''),
(967, 60, '成都斗地主', 'http://www.xiazaiba.com/html/858.html', 7, 0, 0, 0, 6, 8999, 0, 0, 0, 0, 0, '', 0, ''),
(968, 60, '开心斗地主', 'http://www.xiazaiba.com/html/850.html', 8, 0, 0, 0, 50, 46381, 0, 3, 4, 0, 0, '', 0, ''),
(969, 60, '楚天斗地主', 'http://www.xiazaiba.com/html/859.html', 9, 0, 0, 0, 4, 4572, 0, 1, 2, 0, 0, '', 0, ''),
(970, 60, '武汉斗地主', 'http://www.ourgame.com/game/game-intro-new/glgame.html?gameid=20029$0', 10, 0, 0, 0, 4, 5072, 0, 0, 0, 0, 0, '', 0, ''),
(971, 60, '百度斗地主吧', 'http://post.baidu.com/f?kw=%B6%B7%B5%D8%D6%F7', 5, 0, 0, 0, 9, 9747, 0, 0, 1, 0, 0, '', 0, ''),
(972, 62, '雷神竞技场中文站', 'http://www.q3acn.com/', 1, 0, 0, 0, 2, 4792, 0, 0, 0, 0, 0, '', 0, ''),
(973, 62, '雷神之锤(quake)', 'http://games.sina.com.cn/zhuanqu/quake/', 2, 0, 0, 0, 13, 11762, 0, 0, 0, 0, 0, '', 0, ''),
(974, 62, '新浪足球经理在线', 'http://games.sina.com.cn/z/cmol/', 3, 0, 0, 0, 0, 2712, 0, 0, 0, 0, 0, '', 0, ''),
(975, 62, '香港CM游迷网[港]', 'http://www.hkcm.com/', 4, 0, 0, 0, 3, 3679, 0, 0, 0, 0, 0, '', 0, ''),
(976, 62, '新浪三角洲专区', 'http://games.sina.com.cn/zhuanqu/df/', 5, 0, 0, 0, 9, 7917, 0, 0, 0, 0, 0, '', 0, ''),
(983, 41, '宠物宝贝连连看', 'http://www.game.com.cn/games/1/5/cwbbllk.html', 1, 0, 0, 0, 0, 13246, 0, 0, 0, 0, 0, '', 0, ''),
(979, 25, 'net.Fire|CS战队', 'http://www.netfire.com.cn/', 24, 0, 0, 0, 0, 3699, 0, 0, 0, 0, 0, '', 0, ''),
(985, 52, '爆棚足球网', 'http://www.ballpure.com/', 19, 0, 0, 0, 0, 1503, 0, 0, 0, 0, 0, '', 0, ''),
(980, 41, '麻将连连看', 'http://www.game.com.cn/games/0/5/animal%20link.html', 0, 0, 0, 0, 0, 83404, 0, 0, 0, 0, 0, '', 0, ''),
(984, 41, '超女连连看', 'http://www.game.com.cn/games/1/7/chaonvllk.html', 1, 0, 0, 0, 0, 44775, 0, 0, 0, 0, 0, '', 0, ''),
(986, 97, '中国心百家姓头像', 'http://tool.114la.com/chinaheart.html', 1, 0, 0, 0, 0, 25106, 0, 0, 0, 0, 0, '', 0, ''),
(1086, 68, '森田疗法', 'http://bk.baidu.com/w?word=森田疗法&tn=baiduWikiSearch&ct=17&lm=0', 100, 0, 0, 0, 0, 1463, 0, 0, 0, 0, 0, '', 0, ''),
(993, 28, '爱我中华', 'http://mp3.baidu.com/m?tn=ylmf_1_pg&tn=ylmf_1_pg&f=ms&ct=134217728&word=爱我中华', 4, 0, 0, 0, 114, 155614, 0, 5, 15, 0, 0, '', 0, ''),
(995, 96, '英文大小写转换工具', 'http://www.iamwawa.cn/bigtosmall.asp', 9, 0, 0, 0, 0, 701, 0, 0, 0, 0, 0, '', 0, ''),
(1009, 44, '小游戏', 'http://www.game.com.cn', 100, 0, 0, 0, 387, 288945, 0, 1, 28, 0, 0, '', 0, ''),
(1092, 76, '模拟蜘蛛抓取页面工具', 'http://tool.114la.com/robot.html', 5, 0, 0, 0, 0, 690, 0, 0, 0, 0, 0, '', 0, ''),
(1013, 63, '坐在家里赚', 'http://gb.36578.com/gbook_admin/getgo.php?id=1669', 2, 0, 0, 0, 6, 41103, 0, 0, 0, 0, 0, '', 0, ''),
(1018, 72, '刺激2009', 'http://mp3.baidu.com/m?word=刺激2009&tn=haokan123&f=ms&ct=134217728', 2, 0, 0, 0, 1, 10122, 0, 0, 0, 0, 0, '', 0, ''),
(1019, 72, '北京欢迎你', 'http://mp3.baidu.com/m?word=%B1%B1%BE%A9%BB%B6%D3%AD%C4%E3&tn=haokan123&f=ms&ct=134217728', 3, 0, 0, 0, 2, 16970, 0, 0, 1, 0, 0, '', 0, ''),
(1020, 72, '如果没有你的爱', 'http://mp3.baidu.com/m?word=如果没有你的爱&tn=haokan123&f=ms&ct=134217728', 1, 0, 0, 0, 2, 14162, 0, 0, 1, 0, 0, '', 0, ''),
(1021, 72, '旋转木马', 'http://mp3.baidu.com/m?word=旋转木马&tn=haokan123&f=ms&ct=134217728', 6, 0, 0, 0, 0, 6968, 0, 0, 0, 0, 0, '', 0, ''),
(1025, 64, 'Mp3', 'http://mp3.ylmf.com/', 2, 0, 0, 0, 298, 207159, 0, 2, 17, 0, 0, '', 0, '#FD2828'),
(1026, 64, '新浪', 'http://www.sina.com.cn/', 3, 0, 0, 0, 504, 990561, 0, 11, 46, 0, 0, '', 0, ''),
(1027, 64, '新闻', 'http://news.sina.com.cn/', 4, 0, 0, 0, 122, 329400, 0, 1, 25, 0, 0, '', 0, '#FD2828'),
(1028, 64, '博客', 'http://blog.sina.com.cn/', 5, 0, 0, 0, 16, 53180, 0, 0, 5, 0, 0, '', 0, '#FD2828'),
(1029, 64, '搜狐', 'http://www.sohu.com/', 6, 0, 0, 0, 313, 757085, 0, 7, 36, 0, 0, '', 0, ''),
(1030, 64, '新闻', 'http://news.sohu.com/', 7, 0, 0, 0, 64, 161866, 0, 0, 9, 0, 0, '', 0, '#FD2828'),
(1031, 64, '体育', 'http://sports.sohu.com/', 8, 0, 0, 0, 67, 86113, 0, 0, 5, 1225468800, 1225468800, '', 0, '#FD2828'),
(1032, 64, '网易', 'http://www.163.com/', 9, 0, 0, 0, 284, 597258, 0, 7, 26, 0, 0, '', 0, ''),
(1033, 64, '新闻', 'http://news.163.com/', 10, 0, 0, 0, 20, 108836, 0, 1, 2, 0, 0, '', 0, '#FD2828'),
(1034, 64, '科技', 'http://tech.163.com/', 11, 0, 0, 0, 1, 23239, 0, 0, 0, 0, 0, '', 0, '#FD2828'),
(1035, 64, '百度搜索', 'http://www.baidu.com/index.php?tn=haokan123', 1, 0, 0, 0, 326, 828818, 0, 4, 34, 0, 0, '', 0, ''),
(1036, 71, '孙亚莉', 'http://image.baidu.com/i?word=孙亚莉&tn=baiduimage&ct=201326592&cl=2&pv=&lm=-1', 1, 0, 0, 0, 2, 8573, 0, 0, 0, 0, 0, '', 0, ''),
(1037, 71, '火亮', 'http://image.baidu.com/i?word=%BB%F0%C1%C1&tn=baiduimage&ct=201326592&cl=2&pv=&lm=-1', 2, 0, 0, 0, 0, 3827, 0, 0, 0, 0, 0, '', 0, ''),
(1038, 71, '林志玲', 'http://image.baidu.com/i?word=林志玲&tn=baiduimage&ct=201326592&cl=2&pv=&lm=-1', 3, 0, 0, 0, 0, 5905, 0, 0, 0, 0, 0, '', 0, ''),
(1040, 71, '非主流', 'http://image.baidu.com/i?word=%B7%C7%D6%F7%C1%F7&tn=baiduimage&ct=201326592&cl=2&pv=&lm=-1', 4, 0, 0, 0, 6, 38648, 0, 0, 2, 0, 0, '', 0, ''),
(1041, 71, '美女图片', 'http://image.baidu.com/i?word=%C3%C0%C5%AE%CD%BC%C6%AC&tn=baiduimage&ct=201326592&cl=2&pv=&lm=-1', 5, 0, 0, 0, 8, 161206, 0, 0, 0, 0, 0, '', 0, ''),
(1042, 70, '北京奥运会吧', 'http://tieba.baidu.com/f?kw=%B1%B1%BE%A9%B0%C2%D4%CB%BB%E1', 1, 0, 0, 0, 3, 1890, 0, 0, 0, 0, 0, '', 0, ''),
(1043, 70, '中国男篮吧', 'http://tieba.baidu.com/f?kw=%D6%D0%B9%FA%C4%D0%C0%BA', 2, 0, 0, 0, 0, 1480, 0, 0, 0, 0, 0, '', 0, ''),
(1044, 70, 'NBA吧', 'http://tieba.baidu.com/f?kw=nba', 3, 0, 0, 0, 4, 3604, 0, 0, 1, 0, 0, '', 0, ''),
(1045, 70, '电影吧', 'http://tieba.baidu.com/f?kw=%B5%E7%D3%B0', 4, 0, 0, 0, 0, 3892, 0, 0, 0, 0, 0, '', 0, ''),
(1046, 69, '乘坐卧铺要注意哪些问题？', 'http://zhidao.baidu.com/q?word=乘坐卧铺要注意哪些问题&tn=ikaslist&pt=ylmf_ik&ct=17', 1, 0, 0, 0, 0, 4043, 0, 0, 0, 0, 0, '', 0, ''),
(1047, 68, '丁蟹效应', 'http://bk.baidu.com/w?word=丁蟹效应&tn=baiduWikiSearch&ct=17&lm=0', 1, 0, 0, 0, 1, 3942, 0, 0, 0, 0, 0, '', 0, ''),
(1048, 68, '小年', 'http://bk.baidu.com/w?word=小年&tn=baiduWikiSearch&ct=17&lm=0', 2, 0, 0, 0, 1, 2165, 0, 0, 0, 0, 0, '', 0, ''),
(1049, 68, '趟水效应', 'http://bk.baidu.com/w?word=趟水效应&tn=baiduWikiSearch&ct=17&lm=0', 4, 0, 0, 0, 0, 2346, 0, 0, 0, 0, 0, '', 0, ''),
(1050, 67, '非诚勿扰', 'http://video.baidu.com/v?word=非诚勿扰&ct=301989888&rn=20&pn=0&db=0&s=0&ty=10', 1, 0, 0, 0, 3, 19828, 0, 0, 0, 0, 0, '', 0, ''),
(1051, 67, '东邪西毒终极版', 'http://video.baidu.com/v?word=东邪西毒终极版&ct=301989888&rn=20&pn=0&db=0&s=0&ty=10', 2, 0, 0, 0, 1, 17690, 0, 0, 0, 0, 0, '', 0, ''),
(1054, 73, '新列车运行图', 'http://www.baidu.com/s?wd=列车运行图调整&tn=haokan123', 1, 0, 0, 0, 0, 0, 0, 0, 0, 0, 0, '', 0, ''),
(1056, 73, '清明假期', 'http://www.baidu.com/s?wd=清明假期&tn=haokan123', 2, 0, 0, 0, 0, 0, 0, 0, 0, 0, 0, '', 0, ''),
(1058, 65, '工商银行', 'http://www.baidu.com/s?wd=%B9%A4%C9%CC%D2%F8%D0%D0&tn=haokan123', 1, 0, 0, 0, 1, 5512, 0, 0, 0, 0, 0, '', 0, ''),
(1059, 65, '中国石油', 'http://www.baidu.com/s?wd=%D6%D0%B9%FA%CA%AF%D3%CD+&tn=haokan123', 2, 0, 0, 0, 1, 7518, 0, 0, 0, 0, 0, '', 0, ''),
(1060, 65, '中信证券', 'http://www.baidu.com/s?wd=%D6%D0%D0%C5%D6%A4%C8%AF&tn=haokan123', 4, 0, 0, 0, 0, 5777, 0, 0, 0, 0, 0, '', 0, ''),
(1061, 65, '广发聚丰', 'http://www.baidu.com/s?wd=%B9%E3%B7%A2%BE%DB%B7%E1&tn=haokan123', 4, 0, 0, 0, 1, 2099, 0, 0, 0, 0, 0, '', 0, ''),
(1319, 64, '科技', 'http://doc.go.sohu.com/200811/5c90becee733beb5f6b500e9f3528005.php', 8, 0, 0, 0, 0, 304, 0, 0, 0, 0, 0, '', 0, '#FD2828'),
(1107, 96, '火星文转换器', 'http://tool.114la.com/huoxing.html', 10, 0, 0, 0, 0, 3278, 0, 0, 0, 0, 0, '', 0, ''),
(1101, 4, '论坛超级转帖工具', 'http://tool.114la.com/zhuantie.html', 28, 0, 0, 0, 0, 454, 0, 0, 0, 0, 0, '', 0, ''),
(1118, 77, 'SQL Server精华', 'http://help.114la.com/SQL%20Server精华', 100, 0, 0, 0, 0, 693, 0, 0, 0, 0, 0, '', 0, ''),
(1098, 75, '网页颜色代码选择器', 'http://tool.114la.com/color.html', 3, 0, 0, 0, 0, 272, 0, 0, 0, 0, 0, '', 0, ''),
(1099, 75, 'JS/HTML格式化工具', 'http://tool.114la.com/jsformat.html', 5, 0, 0, 0, 0, 198, 0, 0, 0, 0, 0, '', 0, ''),
(1111, 75, '传统中文排版工具', 'http://tool.114la.com/paiban.html', 7, 0, 0, 0, 0, 283, 0, 0, 0, 0, 0, '', 0, ''),
(1112, 8, '日期相差天数计算', 'http://tool.114la.com/date_different.html', 12, 0, 0, 0, 0, 649, 0, 0, 0, 0, 0, '', 0, ''),
(1114, 77, 'javascript 语言参考手册 中文版', 'http://help.114la.com/javascript', 100, 0, 0, 0, 0, 467, 0, 0, 0, 0, 0, '', 0, ''),
(1115, 77, 'Microsoft Windows 脚本技术', 'http://help.114la.com/windows_script', 100, 0, 0, 0, 0, 349, 0, 0, 0, 0, 0, '', 0, ''),
(1116, 77, 'Apache HTTP Server Version 2.2 文档', 'http://help.114la.com/Apache2', 100, 0, 0, 0, 0, 75, 0, 0, 0, 0, 0, '', 0, ''),
(1117, 77, 'mysql 5.1手册', 'http://help.114la.com/mysql%205.1', 100, 0, 0, 0, 0, 117, 0, 0, 0, 0, 0, '', 0, ''),
(1109, 75, 'HTML特殊符号对照表', 'http://tool.114la.com/special_htmlchar.html', 9, 0, 0, 0, 0, 232, 0, 0, 0, 0, 0, '', 0, ''),
(1093, 76, '网页Meta信息检测', 'http://tool.114la.com/meta.html', 6, 0, 0, 0, 0, 171, 0, 0, 0, 0, 0, '', 0, ''),
(1095, 76, '页面关键字密度查询', 'http://tool.114la.com/density.html', 8, 0, 0, 0, 0, 172, 0, 0, 0, 0, 0, '', 0, ''),
(1090, 76, '网站关键字排名查询', 'http://tool.114la.com/keyword.html', 3, 0, 0, 0, 0, 434, 0, 0, 0, 0, 0, '', 0, ''),
(1084, 69, '使用电热毯对身体有坏处吗？', 'http://zhidao.baidu.com/q?word=使用电热毯对身体有坏处吗&tn=ikaslist&pt=ylmf_ik&ct=17', 100, 0, 0, 0, 0, 1785, 0, 0, 0, 0, 0, '', 0, ''),
(1128, 75, '代码语法高亮工具', 'http://tool.114la.com/codehightlight.html', 12, 0, 0, 0, 0, 131, 0, 0, 0, 0, 0, '', 0, ''),
(1113, 77, '样式表中文手册', 'http://help.114la.com/css', 100, 0, 0, 0, 0, 347, 0, 0, 0, 0, 0, '', 0, ''),
(1085, 68, '火车票实名制', 'http://bk.baidu.com/w?word=火车票实名制&tn=baiduWikiSearch&ct=17&lm=0', 100, 0, 0, 0, 0, 1526, 0, 0, 0, 0, 0, '', 0, ''),
(1102, 75, 'HTML转换为JS', 'http://tool.114la.com/html2js.html', 6, 0, 0, 0, 0, 126, 0, 0, 0, 0, 0, '', 0, ''),
(1103, 75, 'HTML与UBB代码互转', 'http://tool.114la.com/html2ubb.html', 1, 0, 0, 0, 0, 102, 0, 0, 0, 0, 0, '', 0, ''),
(1104, 75, '字符串转换为ASCII', 'http://tool.114la.com/str2asc.html', 10, 0, 0, 0, 0, 106, 0, 0, 0, 0, 0, '', 0, ''),
(1100, 75, '网页源代码查看', 'http://tool.114la.com/source.html', 2, 0, 0, 0, 0, 558, 0, 0, 0, 0, 0, '', 0, ''),
(1108, 75, 'ASCII字形生成器', 'http://tool.114la.com/asciigraphemic.html', 11, 0, 0, 0, 0, 273, 0, 0, 0, 0, 0, '', 0, ''),
(1106, 96, '在线简繁体字转换工具', 'http://tool.114la.com/gb2big.html', 4, 0, 0, 0, 0, 588, 0, 0, 0, 0, 0, '', 0, ''),
(1091, 76, '反向链接查询', 'http://tool.114la.com/link.html', 4, 0, 0, 0, 0, 214, 0, 0, 0, 0, 0, '', 0, ''),
(1083, 72, '如果爱的不是我', 'http://mp3.baidu.com/m?word=如果爱的不是我&tn=haokan123&f=ms&ct=134217728', 5, 0, 0, 0, 2, 7326, 0, 0, 0, 0, 0, '', 0, ''),
(1096, 4, 'IP/域名Whois查询', 'http://tool.114la.com/?ct=site&ac=whois', 10, 0, 0, 0, 0, 570, 0, 0, 0, 0, 0, '', 0, ''),
(1130, 75, 'E-Mail 图标生成器', 'http://tool.114la.com/email2pic.html', 14, 0, 0, 0, 0, 628, 0, 0, 0, 0, 0, '', 0, ''),
(1132, 67, '倾城之恋', 'http://video.baidu.com/v?word=倾城之恋&tn=haokan123', 100, 0, 0, 0, 4, 4034, 0, 0, 1, 0, 0, '', 0, ''),
(1065, 11, '魔兽地图吧', 'http://bbs.wow8.org/', 100, 0, 0, 0, 0, 4080, 0, 0, 0, 0, 0, '', 0, ''),
(1066, 63, '一夜赚80万', 'http://www.78.cn/haokan123_index1.htm', 3, 0, 0, 0, 8, 52465, 0, 0, 2, 0, 0, '', 0, ''),
(1173, 8, '功、能和热量转换', 'http://tool.114la.com/converter5.html', 13, 0, 0, 0, 0, 96, 0, 0, 0, 0, 0, '', 0, ''),
(1157, 4, 'MD5加密', 'http://tool.114la.com/md5.html', 17, 0, 0, 0, 0, 439, 0, 0, 0, 0, 0, '', 0, ''),
(1121, 77, 'Essential PHP Security -PHP安全基础(中文版)', 'http://help.114la.com/Essential_PHP_Security', 100, 0, 0, 0, 0, 39, 0, 0, 0, 0, 0, '', 0, ''),
(1070, 74, '千年-17173专题', 'http://1000y.17173.com/', 4, 0, 0, 0, 0, 319, 0, 0, 0, 0, 0, '', 0, ''),
(1069, 74, '千年3客户端下载', 'http://1000y.sdo.com/web/download/download.asp', 2, 0, 0, 0, 0, 1066, 0, 0, 0, 0, 0, '', 0, ''),
(1068, 74, '千年3官方网站', 'http://1000y.sdo.com/', 1, 0, 0, 0, 0, 12607, 0, 0, 0, 0, 0, '', 0, ''),
(1129, 75, '正则表达式检测', 'http://tool.114la.com/regxtest.html', 4, 0, 0, 0, 0, 149, 0, 0, 0, 0, 0, '', 0, ''),
(1097, 75, 'CSS生成器', 'http://tool.114la.com/css_online.html', 3, 0, 0, 0, 0, 518, 0, 0, 0, 0, 0, '', 0, ''),
(1071, 74, '千年-新浪专题', 'http://games.sina.com.cn/zhqu/1000y/indexpage.shtml', 5, 0, 0, 0, 0, 194, 0, 0, 0, 0, 0, '', 0, ''),
(1072, 74, '千年官方论坛', 'http://bbs.1000y.sdo.com/', 3, 0, 0, 0, 0, 575, 0, 0, 0, 0, 0, '', 0, ''),
(1119, 77, 'Squid:The Definitive Guide(英文)', 'http://help.114la.com/Squid%20The%20Definitive%20Guide', 100, 0, 0, 0, 0, 20, 0, 0, 0, 0, 0, '', 0, ''),
(1123, 77, 'Pascal 学习指南', 'http://help.114la.com/Pascal', 100, 0, 0, 0, 0, 224, 0, 0, 0, 0, 0, '', 0, ''),
(1122, 77, '精通正则表达式第3版(英文)', 'http://help.114la.com/Mastering%20Regular%20Expressions,%203rd%20Edition', 100, 0, 0, 0, 0, 131, 0, 0, 0, 0, 0, '', 0, ''),
(1194, 81, '766-穿越火线', 'http://cf.766.com/', 8, 0, 0, 0, 0, 1333, 0, 0, 0, 0, 0, '', 0, ''),
(1211, 84, '剑侠世界客户端下载', 'http://jxsj.xoyo.com/', 2, 0, 0, 0, 0, 930, 0, 0, 0, 0, 0, '', 0, ''),
(1185, 80, '寻仙游戏论坛', 'http://gamebbs.qq.com/cgi-bin/bbs/user/user_enter_bbs?g=f&url=/lanmu/159.shtml', 3, 0, 0, 0, 0, 523, 0, 0, 0, 0, 0, '', 0, ''),
(1163, 75, 'escape加密/解密', 'http://tool.114la.com/escape.html', 18, 0, 0, 0, 0, 319, 0, 0, 0, 0, 0, '', 0, ''),
(1209, 84, '52PK-剑侠世界', 'http://games.52pk.com/jxsj/', 5, 0, 0, 0, 0, 171, 0, 0, 0, 0, 0, '', 0, ''),
(1186, 80, '寻仙客户端下载', 'http://app.xx.qq.com/comm-cgi-bin/login/checklogin.cgi?type=15&url=http://app.xx.qq.com/cgi-bin/nodelkey/CheckLoad.cgi', 2, 0, 0, 0, 0, 1993, 0, 0, 0, 0, 0, '', 0, ''),
(1166, 8, '长度单位换算', 'http://tool.114la.com/converter1.html', 9, 0, 0, 0, 0, 354, 0, 0, 0, 0, 0, '', 0, ''),
(1167, 8, '面积转换换算', 'http://tool.114la.com/converter3.html', 15, 0, 0, 0, 0, 392, 0, 0, 0, 0, 0, '', 0, ''),
(1171, 8, '功率计量单位换算', 'http://tool.114la.com/converter2.html', 16, 0, 0, 0, 0, 161, 0, 0, 0, 0, 0, '', 0, ''),
(2867, 103, 'aAA', 'http://115gbk.demo.114lfa.com/', 1, 1, 0, 0, 0, 0, 0, 0, 0, 0, 0, '', 0, ''),
(1146, 76, '网站反应速度测试', 'http://tool.114la.com/speedtest.html', 12, 0, 0, 0, 0, 551, 0, 0, 0, 0, 0, '', 0, ''),
(2868, 107, 'aAA', 'http://115gbk.Gdemo.114la.com/', 1, 1, 0, 0, 0, 0, 0, 0, 0, 0, 0, '', 0, ''),
(1144, 4, '在线wap模拟器', 'http://tool.114la.com/wapview.html', 20, 0, 0, 0, 0, 494, 0, 0, 0, 0, 0, '', 0, ''),
(1145, 76, '友情链接批量检查', 'http://tool.114la.com/links.html', 9, 0, 0, 0, 0, 102, 0, 0, 0, 0, 0, '', 0, ''),
(1174, 8, '体质指数/理想体重', 'http://tool.114la.com/weight.html', 17, 0, 0, 0, 0, 2920, 0, 0, 0, 0, 0, '', 0, ''),
(1168, 8, '温度转换换算', 'http://tool.114la.com/converter6.html', 14, 0, 0, 0, 0, 98, 0, 0, 0, 0, 0, '', 0, ''),
(1169, 8, '重量转换换算器', 'http://tool.114la.com/converter7.html', 11, 0, 0, 0, 0, 369, 0, 0, 0, 0, 0, '', 0, ''),
(1172, 8, '体积和容量单位换算', 'http://tool.114la.com/converter4.html', 19, 0, 0, 0, 0, 299, 0, 0, 0, 0, 0, '', 0, ''),
(1164, 4, '收藏夹图标生成器', 'http://tool.114la.com/pic2icon.html', 21, 0, 0, 0, 0, 417, 0, 0, 0, 0, 0, '', 0, ''),
(1196, 81, '天平洋游戏-穿越火线', 'http://wangyou.pcgames.com.cn/zhuanti/qqcf/', 6, 0, 0, 0, 0, 1466, 0, 0, 0, 0, 0, '', 0, ''),
(1210, 84, '天平洋网-剑侠世界', 'http://www.pcgames.com.cn/kzzt/net/jxsjzq/', 3, 0, 0, 0, 0, 228, 0, 0, 0, 0, 0, '', 0, ''),
(1162, 75, 'Base64加密/解密', 'http://tool.114la.com/base64.html', 22, 0, 0, 0, 0, 355, 0, 0, 0, 0, 0, '', 0, ''),
(1161, 75, 'URL16进制加密', 'http://tool.114la.com/url16.html', 24, 0, 0, 0, 0, 120, 0, 0, 0, 0, 0, '', 0, ''),
(1158, 75, 'JS加密/解密', 'http://tool.114la.com/js.html', 25, 0, 0, 0, 0, 322, 0, 0, 0, 0, 0, '', 0, ''),
(1159, 96, '简繁汉字转换', 'http://tool.114la.com/gb2big.html', 16, 0, 0, 0, 0, 1121, 0, 0, 0, 0, 0, '', 0, ''),
(2864, 103, 'fasf', 'http://115gbk.demo.114la.com/', 1, 1, 0, 0, 0, 0, 0, 0, 0, 0, 0, '', 0, ''),
(1208, 84, '剑侠世界-新浪游戏', 'http://games.sina.com.cn/o/z/jxsj/qianru.shtml', 4, 0, 0, 0, 0, 326, 0, 0, 0, 0, 0, '', 0, ''),
(1188, 80, '太平洋游戏网寻仙专区', 'http://xx.pcgames.com.cn/', 4, 0, 0, 0, 0, 211, 0, 0, 0, 0, 0, '', 0, ''),
(1189, 81, '穿越火线官方网站', 'http://cf.qq.com/index.shtml', 1, 0, 0, 0, 0, 9559, 0, 0, 0, 0, 0, '', 0, ''),
(1190, 81, '穿越火线客户端下载', 'http://cf.qq.com/', 2, 0, 0, 0, 2, 7793, 0, 0, 0, 0, 0, '', 0, ''),
(1187, 80, '玩多多游戏-寻仙专题', 'http://www.onedodo.com/zq/xun/', 5, 0, 0, 0, 0, 188, 0, 0, 0, 0, 0, '', 0, ''),
(1183, 79, '中华网-热血三国', 'http://game.china.com/rxsg/jinyan/', 100, 0, 0, 0, 0, 635, 0, 0, 0, 0, 0, '', 0, ''),
(1184, 80, '寻仙官方站点', 'http://xunxian.qq.com/', 1, 0, 0, 0, 0, 4589, 0, 0, 0, 0, 0, '', 0, ''),
(1175, 78, '地下城与勇士', 'http://dnf.qq.com/index.shtml', 1, 0, 0, 0, 0, 11649, 0, 0, 0, 0, 0, '', 0, ''),
(1176, 78, '客户端下载', 'http://dnf.qq.com/', 2, 0, 0, 0, 0, 6041, 0, 0, 0, 0, 0, '', 0, ''),
(1177, 78, '官方论坛', 'http://gamebbs.qq.com/bbs/dnfhtm/197.htm', 3, 0, 0, 0, 0, 1395, 0, 0, 0, 0, 0, '', 0, ''),
(1178, 78, '17173-地下城与勇士', 'http://dnf.17173.com/', 4, 0, 0, 0, 0, 1856, 0, 0, 0, 0, 0, '', 0, ''),
(1179, 78, '多玩-地下城与勇士', 'http://df.duowan.com/', 5, 0, 0, 0, 0, 1329, 0, 0, 0, 0, 0, '', 0, ''),
(1204, 83, '传奇外传客户端下载', 'http://mirs.sdo.com/web1/index/index.html', 2, 0, 0, 0, 0, 1295, 0, 0, 0, 0, 0, '', 0, ''),
(1180, 79, '91玩-热血三国', 'http://www.91wan.com/rxsg/', 100, 0, 0, 0, 0, 5603, 0, 0, 0, 0, 0, '', 0, ''),
(1181, 79, '热血三国官方网站', 'http://sg.wangye173.com/', 0, 0, 0, 0, 0, 2725, 0, 0, 0, 0, 0, '', 0, ''),
(1182, 79, '17173-热血三国', 'http://web.17173.com/_rxsg/', 100, 0, 0, 0, 0, 517, 0, 0, 0, 0, 0, '', 0, ''),
(1207, 84, '剑侠世界官方网站', 'http://jxsj.xoyo.com/service/index.shtml', 1, 0, 0, 0, 0, 3041, 0, 0, 0, 0, 0, '', 0, ''),
(1205, 83, '腾讯游戏-传奇外传', 'http://games.qq.com/z/cqwz/', 4, 0, 0, 0, 0, 515, 0, 0, 0, 0, 0, '', 0, ''),
(1206, 83, '新浪游戏-传奇外传', 'http://games.sina.com.cn/o/c/2008-09-09/6355.shtml', 3, 0, 0, 0, 0, 635, 0, 0, 0, 0, 0, '', 0, ''),
(1141, 76, '模拟蜘蛛抓取页面', 'http://tool.114la.com/robot.html', 11, 0, 0, 0, 0, 702, 0, 0, 0, 0, 0, '', 0, ''),
(1203, 83, '传奇外传官网', 'http://mirs.sdo.com/web2/home/index.asp', 1, 0, 0, 0, 0, 3378, 0, 0, 0, 0, 0, '', 0, ''),
(1201, 82, '太平洋网-DOTA专区', 'http://www.pcgames.com.cn/fight/warcraft/dota/', 5, 0, 0, 0, 0, 67, 0, 0, 0, 0, 0, '', 0, ''),
(1191, 81, '穿越火线论坛', 'http://gamebbs.qq.com/bbs/cfhtm/196.htm', 3, 0, 0, 0, 0, 780, 0, 0, 0, 0, 0, '', 0, ''),
(1192, 81, '52pk-穿越火线专题', 'http://games.52pk.com/cf/', 4, 0, 0, 0, 0, 527, 0, 0, 0, 0, 0, '', 0, ''),
(1193, 81, '17173-穿越火线专题', 'http://cf.17173.com/', 5, 0, 0, 0, 0, 504, 0, 0, 0, 0, 0, '', 0, ''),
(1200, 82, '超级玩家DOTA专题', 'http://dota.sgamer.com/', 4, 0, 0, 0, 0, 187, 0, 0, 0, 0, 0, '', 0, ''),
(1199, 82, 'DOTA中文资讯网', 'http://www.dota.cc/', 2, 0, 0, 0, 0, 197, 0, 0, 0, 0, 0, '', 0, ''),
(1198, 82, 'Dota中文网', 'http://www.dotacn.com.cn/', 1, 0, 0, 0, 0, 1442, 0, 0, 0, 0, 0, '', 0, ''),
(1197, 82, 'U9网-DOTA专题站', 'http://dota.uuu9.com/', 3, 0, 0, 0, 14, 1534, 0, 0, 3, 0, 0, '', 0, ''),
(1218, 94, '2009年高考在线估分', 'http://www.baidu.com/s?tn=6885_pg&wd=2009年高考试题答案及在线估分', 2, 0, 0, 0, 0, 0, 0, 0, 0, 0, 0, '', 0, ''),
(1219, 94, 'IPO重启', 'http://www.baidu.com/s?tn=6885_pg&wd=IPO重启', 1, 0, 0, 0, 0, 0, 0, 0, 0, 1243785600, 1243785600, '', 0, ''),
(1217, 93, '你不是真正的快乐', 'http://www.baidu.com/s?tn=6885_pg&wd=%C4%E3%B2%BB%CA%C7%D5%E6%D5%FD%B5%C4%BF%EC%C0%D6', 100, 0, 0, 0, 0, 0, 0, 0, 0, 0, 0, '', 0, ''),
(1287, 76, '火车采集器', 'http://www.locoy.com/', 100, 0, 0, 0, 0, 342, 0, 0, 0, 0, 0, '', 0, ''),
(1221, 90, '什么是小产权房?', 'http://zhidao.baidu.com/q?tn=ikaslist&pt=ylmf_ik&ct=17&word=%CA%B2%C3%B4%CA%C7%D0%A1%B2%FA%C8%A8%B7%BF', 100, 0, 0, 0, 0, 0, 0, 0, 0, 0, 0, '', 0, ''),
(1321, 64, '邮箱', 'http://mail.163.com/', 11, 0, 0, 0, 0, 264, 0, 0, 0, 1225468800, 1225468800, '', 0, '#FD2828'),
(1222, 85, '百度搜索', 'http://www.baidu.com/index.php?tn=6885', 1, 0, 0, 0, 0, 0, 0, 0, 0, 0, 0, '', 0, ''),
(1223, 85, 'Mp3', 'http://mp3.baidu.com/', 2, 0, 0, 0, 1527, 18289, 0, 18, 146, 0, 0, '', 0, ''),
(1224, 85, '新浪', 'http://www.sina.com.cn/', 3, 0, 0, 0, 311, 4226, 0, 6, 35, 0, 0, '', 0, ''),
(1225, 85, '新闻', 'http://news.sina.com.cn/', 4, 0, 0, 0, 257, 33218, 0, 8, 22, 0, 0, '', 0, '#FF0000'),
(1226, 85, '博客', 'http://blog.sina.com.cn/', 5, 0, 0, 0, 79, 9285, 0, 0, 6, 0, 0, '', 0, '#FF0000'),
(1227, 85, '搜狐', 'http://www.sohu.com/', 6, 0, 0, 0, 147, 2328, 0, 3, 21, 0, 0, '', 0, ''),
(1228, 85, '新闻', 'http://news.sohu.com/', 7, 0, 0, 0, 105, 12840, 0, 1, 9, 0, 0, '', 0, '#FD2828'),
(1229, 85, '体育', 'http://sports.sohu.com/', 8, 0, 0, 0, 78, 4413, 0, 0, 8, 0, 0, '', 0, '#FD2828'),
(1230, 85, '网易', 'http://www.163.com/', 9, 0, 0, 0, 85, 1442, 0, 2, 12, 0, 0, '', 0, ''),
(1231, 85, '新闻', 'http://news.163.com/', 10, 0, 0, 0, 39, 5347, 0, 1, 4, 0, 0, '', 0, '#FD2828'),
(1232, 85, '科技', 'http://tech.163.com/', 11, 0, 0, 0, 2, 1195, 0, 0, 0, 0, 0, '', 0, '#FD2828'),
(1235, 86, '上证指数', 'http://www.baidu.com/baidu?tn=6885_pg&word=%C9%CF%D6%A4%D6%B8%CA%FD', 100, 0, 0, 0, 0, 0, 0, 0, 0, 0, 0, '', 0, ''),
(1236, 86, '万科a', 'http://www.baidu.com/baidu?tn=6885_pg&word=+%CD%F2%BF%C6a', 100, 0, 0, 0, 0, 0, 0, 0, 0, 0, 0, '', 0, ''),
(1237, 86, '中国平安', 'http://www.baidu.com/baidu?tn=6885_pg&word=+%D6%D0%B9%FA%C6%BD%B0%B2+', 100, 0, 0, 0, 0, 0, 0, 0, 0, 0, 0, '', 0, ''),
(1238, 86, '中信证券', 'http://www.baidu.com/baidu?tn=6885_pg&word=+%D6%D0%B9%FA%C6%BD%B0%B2+', 100, 0, 0, 0, 0, 0, 0, 0, 0, 0, 0, '', 0, ''),
(1239, 86, '北大荒', 'http://www.baidu.com/baidu?tn=6885_pg&word=%B1%B1%B4%F3%BB%C4', 100, 0, 0, 0, 0, 0, 0, 0, 0, 0, 0, '', 0, ''),
(1240, 86, '中国石油', 'http://www.baidu.com/baidu?tn=6885_pg&word=%B1%B1%B4%F3%BB%C4', 100, 0, 0, 0, 0, 0, 0, 0, 0, 0, 0, '', 0, ''),
(1242, 88, 'NBA全明星赛', 'http://video.baidu.com/v?word=NBA全明星赛&ct=301989888&rn=20&pn=0&db=0&s=0&ty=10', 100, 0, 0, 0, 0, 0, 0, 0, 0, 0, 0, '', 0, ''),
(1267, 95, '薄瓜瓜', 'http://www.baidu.com/s?tn=6885_pg&wd=薄瓜瓜', 3, 0, 0, 0, 0, 0, 0, 0, 0, 0, 0, '', 0, ''),
(1244, 88, '我的团长我的团', 'http://video.baidu.com/v?tn=6885_pg&word=我的团长我的团', 100, 0, 0, 0, 0, 0, 0, 0, 0, 0, 0, '', 0, ''),
(1245, 88, '妻子的诱惑', 'http://video.baidu.com/v?word=妻子的诱惑&ct=301989888&rn=20&pn=0&db=0&s=0&ty=10', 100, 0, 0, 0, 0, 0, 0, 0, 0, 0, 0, '', 0, ''),
(1246, 88, '韩版花样男子', 'http://video.baidu.com/v?word=韩版花样男子&ct=301989888&rn=20&pn=0&db=0&s=0&ty=10', 100, 0, 0, 0, 0, 0, 0, 0, 0, 0, 0, '', 0, ''),
(1247, 88, '神秘拼图', 'http://video.baidu.com/v?word=神秘拼图&ct=301989888&rn=20&pn=0&db=0&s=0&ty=10', 100, 0, 0, 0, 0, 0, 0, 0, 0, 0, 0, '', 0, ''),
(1248, 89, '亚欧首脑会议', 'http://bk.baidu.com/w?tn=baiduWikiSearch&ct=17&lm=0&word=%D1%C7%C5%B7%CA%D7%C4%D4%BB%E1%D2%E9+', 100, 0, 0, 0, 0, 0, 0, 0, 0, 0, 0, '', 0, ''),
(1249, 89, '电脑黑屏', 'http://bk.baidu.com/w?tn=baiduWikiSearch&ct=17&lm=0&word=%B5%E7%C4%D4%BA%DA%C6%C1', 100, 0, 0, 0, 0, 0, 0, 0, 0, 0, 0, '', 0, ''),
(1250, 89, '诺贝尔奖', 'http://bk.baidu.com/w?tn=baiduWikiSearch&ct=17&lm=0&word=%C5%B5%B1%B4%B6%FB%BD%B1', 100, 0, 0, 0, 0, 0, 0, 0, 0, 0, 0, '', 0, ''),
(1251, 89, '柑橘大实蝇', 'http://bk.baidu.com/w?tn=baiduWikiSearch&ct=17&lm=0&word=%B8%CC%E9%D9%B4%F3%CA%B5%D3%AC', 100, 0, 0, 0, 0, 0, 0, 0, 0, 0, 0, '', 0, ''),
(1252, 89, '美国次贷危机', 'http://bk.baidu.com/w?tn=baiduWikiSearch&ct=17&lm=0&word=+%C3%C0%B9%FA%B4%CE%B4%FB%CE%A3%BB%FA', 100, 0, 0, 0, 0, 0, 0, 0, 0, 0, 0, '', 0, ''),
(1253, 90, '金融危机为什么会产生连锁反应？', 'http://zhidao.baidu.com/question/71479572.html', 100, 0, 0, 0, 0, 0, 0, 0, 0, 0, 0, '', 0, ''),
(1254, 91, '捐旧衣服吧', 'http://tieba.baidu.com/f?kw=%BE%E8%BE%C9%D2%C2%B7%FE&bl=jrhd_02', 100, 0, 0, 0, 0, 0, 0, 0, 0, 0, 0, '', 0, ''),
(1255, 91, '红色警戒吧', 'http://tieba.baidu.com/f?kw=%BA%EC%C9%AB%BE%AF%BD%E4&bl=jrhd_04', 100, 0, 0, 0, 0, 0, 0, 0, 0, 0, 0, '', 0, ''),
(1256, 91, '诗歌门外汉吧', 'http://tieba.baidu.com/f?kw=%CA%AB%B8%E8%C3%C5%CD%E2%BA%BA&bl=jrhd_01', 100, 0, 0, 0, 0, 0, 0, 0, 0, 0, 0, '', 0, ''),
(1257, 91, '魔兽世界吧', 'http://tieba.baidu.com/f?kw=%C4%A7%CA%DE%CA%C0%BD%E7', 100, 0, 0, 0, 0, 0, 0, 0, 0, 0, 0, '', 0, ''),
(1299, 100, '魔域客户端下载', 'http://my.91.com/download/', 2, 0, 0, 0, 0, 1909, 0, 0, 0, 0, 0, '', 0, ''),
(1258, 95, '富家子飙车命案', 'http://www.baidu.com/s?tn=6885_pg&wd=富家子飙车', 1, 0, 0, 0, 0, 0, 0, 0, 0, 0, 0, '', 0, ''),
(1259, 95, '8000万版权费', 'http://www.baidu.com/s?tn=6885_pg&wd=8000万版权费', 2, 0, 0, 0, 0, 0, 0, 0, 0, 0, 0, '', 0, ''),
(1260, 92, '非主流', 'http://image.baidu.com/i?tn=baiduimage&ct=201326592&cl=2&pv=&lm=-1&word=%B7%C7%D6%F7%C1%F7', 100, 0, 0, 0, 0, 0, 0, 0, 0, 0, 0, '', 0, ''),
(1261, 92, '酒井法子', 'http://image.baidu.com/i?tn=baiduimage&ct=201326592&cl=2&pv=&lm=-1&word=酒井法子', 100, 0, 0, 0, 0, 0, 0, 0, 0, 0, 0, '', 0, ''),
(1262, 92, '刘亦菲', 'http://image.baidu.com/i?tn=baiduimage&ct=201326592&cl=2&pv=&lm=-1&word=%C1%F5%D2%E0%B7%C6', 100, 0, 0, 0, 0, 0, 0, 0, 0, 0, 0, '', 0, ''),
(1263, 92, '张柏芝', 'http://image.baidu.com/i?tn=baiduimage&ct=201326592&cl=2&pv=&lm=-1&word=张柏芝', 100, 0, 0, 0, 0, 0, 0, 0, 0, 0, 0, '', 0, ''),
(1264, 92, '林志玲', 'http://image.baidu.com/i?tn=baiduimage&ct=201326592&cl=2&pv=&lm=-1&word=林志玲', 100, 0, 0, 0, 0, 0, 0, 0, 0, 0, 0, '', 0, ''),
(1265, 92, '性感美女', 'http://image.baidu.com/i?tn=baiduimage&ct=201326592&cl=2&pv=&lm=-1&word=%D0%D4%B8%D0%C3%C0%C5%AE', 100, 0, 0, 0, 0, 0, 0, 0, 0, 0, 0, '', 0, ''),
(1266, 88, '换子疑云', 'http://video.baidu.com/v?word=换子疑云&ct=301989888&rn=20&pn=0&db=0&s=0&ty=10', 100, 0, 0, 0, 0, 0, 0, 0, 0, 0, 0, '', 0, ''),
(1268, 95, '卡通市长', 'http://www.baidu.com/s?tn=ylmf_1_pg&wd=卡通市长', 100, 0, 0, 0, 0, 0, 0, 0, 0, 0, 0, '', 0, ''),
(1270, 93, '说好的幸福呢', 'http://mp3.baidu.com/m?tn=6885_pg&tn=6885_pg&f=ms&ct=134217728&word=%CB%B5%BA%C3%B5%C4%D0%D2%B8%A3%C4%D8', 100, 0, 0, 0, 0, 0, 0, 0, 0, 0, 0, '', 0, ''),
(1271, 93, '等一分钟', 'http://mp3.baidu.com/m?tn=6885_pg&tn=6885_pg&f=ms&ct=134217728&word=%B5%C8%D2%BB%B7%D6%D6%D3', 100, 0, 0, 0, 0, 0, 0, 0, 0, 0, 0, '', 0, ''),
(1272, 93, '边做边爱', 'http://mp3.baidu.com/m?tn=6885_pg&tn=6885_pg&f=ms&ct=134217728&word=%B1%DF%D7%F6%B1%DF%B0%AE', 100, 0, 0, 0, 0, 0, 0, 0, 0, 0, 0, '', 0, ''),
(1290, 98, '17173-炫舞专区', 'http://x5.17173.com/', 3, 0, 0, 0, 0, 699, 0, 0, 0, 0, 0, '', 0, ''),
(1293, 99, '赤壁官方网站', 'http://chibi.wanmei.com/main.htm', 1, 0, 0, 0, 0, 1538, 0, 0, 0, 0, 0, '', 0, ''),
(1326, 63, '睡觉减肥法', 'http://www.bobodd.com/loss/index.asp?link=10047', 4, 0, 0, 0, 0, 6, 0, 0, 0, 1238515200, 1238515200, '', 0, ''),
(1294, 99, '赤壁客户端下载', 'http://chibi.wanmei.com/', 2, 0, 0, 0, 0, 462, 0, 0, 0, 0, 0, '', 0, ''),
(1288, 98, 'qq炫舞官方站', 'http://x5.qq.com/index.shtml', 1, 0, 0, 0, 0, 2524, 0, 0, 0, 0, 0, '', 0, ''),
(1279, 96, '在线汉字编码查询', 'http://bm.kdd.cc/', 6, 0, 0, 0, 0, 172, 0, 0, 0, 0, 0, '', 0, ''),
(1343, 53, '面具玛丽奥', 'http://www.game.com.cn/games/7/2/mariomask.html', 14, 0, 0, 0, 0, 0, 0, 0, 0, 0, 0, '', 0, ''),
(1340, 48, '极品飞车flash版', 'http://www.game.com.cn/games/3/5/jpfc.html', 100, 0, 0, 0, 0, 0, 0, 0, 0, 0, 0, '', 0, ''),
(1344, 53, '玛里奥赛车', 'http://www.game.com.cn/games/7/2/mariomask.html', 15, 0, 0, 0, 0, 0, 0, 0, 0, 0, 0, '', 0, ''),
(1338, 54, '帝国时代真理之剑2', 'http://www.game.com.cn/games/8/2/zhenlizhijian2.html', 100, 0, 0, 0, 0, 0, 0, 0, 0, 0, 0, '', 0, ''),
(1339, 52, '实况足球flash版', 'http://www.game.com.cn/games/1/1/champions%20field.html', 100, 0, 0, 0, 0, 0, 0, 0, 0, 0, 0, '', 0, ''),
(1337, 49, '暗黑破坏神flash版', 'http://www.game.com.cn//games/2/0/mahphs.html', 8, 0, 0, 0, 0, 0, 0, 0, 0, 0, 0, '', 0, ''),
(1341, 59, '仙剑奇侠传Flash版', 'http://www.game.com.cn/games/7/2/mxjqxz.html', 100, 0, 0, 0, 0, 0, 0, 0, 0, 0, 0, '', 0, ''),
(1342, 53, '超级玛丽小游戏', 'http://www.game.com.cn/games/3/1/mariominids.html', 13, 0, 0, 0, 0, 1, 0, 0, 0, 0, 0, '', 0, ''),
(1336, 22, '红色警戒flash版', 'http://www.game.com.cn/games/7/8/redalter.html', 12, 0, 0, 0, 0, 0, 0, 0, 0, 0, 0, '', 0, ''),
(1301, 100, '腾讯-魔域专题', 'http://games.qq.com/z/moyu/', 4, 0, 0, 0, 0, 218, 0, 0, 0, 0, 0, '', 0, ''),
(1286, 97, '会打字就能弹钢琴', 'http://tool.114la.com/piano.html', 2, 0, 0, 0, 0, 3005, 0, 0, 0, 0, 0, '', 0, ''),
(1298, 100, '魔域官网', 'http://my.91.com/index/', 1, 0, 0, 0, 0, 2325, 0, 0, 0, 0, 0, '', 0, ''),
(1295, 99, '太平洋赤壁专题', 'http://wangyou.pcgames.com.cn/zhuanti/wmchibi/', 3, 0, 0, 0, 0, 71, 0, 0, 0, 0, 0, '', 0, ''),
(1289, 98, '客户端下载', 'http://x5.qq.com/', 2, 0, 0, 0, 0, 2261, 0, 0, 0, 0, 0, '', 0, ''),
(1274, 96, '在线汉字注音工具', 'http://py.kdd.cc/', 5, 0, 0, 0, 0, 199, 0, 0, 0, 0, 0, '', 0, ''),
(1275, 96, '在线成语词典', 'http://cy.kdd.cc/', 3, 0, 0, 0, 0, 551, 0, 0, 0, 0, 0, '', 0, ''),
(1276, 96, '在线书法字典', 'http://sf.kdd.cc/', 1, 0, 0, 0, 0, 775, 0, 0, 0, 0, 0, '', 0, ''),
(1277, 96, '在线藏头诗生成器', 'http://ct.kdd.cc/', 2, 0, 0, 0, 0, 839, 0, 0, 0, 0, 0, '', 0, ''),
(1322, 67, '暮色', 'http://video.baidu.com/v?word=暮色&ct=301989888&rn=20&pn=0&db=0&s=0&ty=10', 100, 0, 0, 0, 0, 362, 0, 0, 0, 0, 0, '', 0, ''),
(1335, 26, '魔兽争霸flash版', 'http://www.game.com.cn/games/0/9/moshouflash.html', 100, 0, 0, 0, 0, 0, 0, 0, 0, 0, 0, '', 0, ''),
(1291, 98, '52PK炫舞专区', 'http://games.52pk.com/x5/', 4, 0, 0, 0, 0, 323, 0, 0, 0, 0, 0, '', 0, ''),
(1320, 36, '邮箱', 'http://mail.163.com/', 11, 0, 0, 0, 1048, 69404, 0, 22, 95, 0, 0, '', 0, ''),
(1364, 68, '产褥期抑郁症', 'http://bk.baidu.com/w?word=产褥期抑郁症&tn=baiduWikiSearch&ct=17&lm=0', 100, 0, 0, 0, 0, 0, 0, 0, 0, 0, 0, '', 0, ''),
(1292, 98, '太平洋炫舞专区', 'http://wangyou.pcgames.com.cn/zhuanti/qqx5/', 5, 0, 0, 0, 0, 192, 0, 0, 0, 0, 0, '', 0, ''),
(1300, 100, '魔域专题-17173', 'http://moyu.17173.com/', 3, 0, 0, 0, 0, 249, 0, 0, 0, 0, 0, '', 0, ''),
(1310, 22, '红色警戒III属性修改器', 'http://www.xiazaiba.com/downinfo/1070.html', 11, 0, 0, 0, 0, 1475, 0, 0, 0, 0, 0, '', 0, ''),
(1327, 94, '绿坝・花季护航', 'http://www.baidu.com/s?tn=6885_pg&wd=绿坝・花季护航', 3, 0, 0, 0, 0, 0, 0, 0, 0, 0, 0, '', 0, ''),
(1333, 101, '永恒之塔-17173', 'http://aion.17173.com/', 100, 0, 0, 0, 0, 0, 0, 0, 0, 0, 0, '', 0, ''),
(1329, 101, '永恒之塔客户端下载', 'http://aion.sdo.com/web1/guide/index.html', 2, 0, 0, 0, 0, 3, 0, 0, 0, 0, 0, '', 0, ''),
(1330, 101, '永恒之塔官网', 'http://aion.sdo.com/ ', 1, 0, 0, 0, 0, 0, 0, 0, 0, 0, 0, '', 0, ''),
(1331, 101, '永恒之塔-新浪专题', 'http://games.sina.com.cn/aion/', 100, 0, 0, 0, 0, 0, 0, 0, 0, 0, 0, '', 0, ''),
(1332, 101, '多玩-Aion永恒之塔', 'http://aion.duowan.com/', 100, 0, 0, 0, 0, 1, 0, 0, 0, 0, 0, '', 0, ''),
(1359, 63, '爱墙', 'http://holiday.114la.com/valentine/', 6, 0, 0, 0, 0, 0, 0, 0, 0, 1235836800, 1235836800, '', 0, ''),
(1423, 63, '北川副部长自缢', 'http://www.baidu.com/s?tn=haokan123&wd=北川副部长自缢', 5, 0, 0, 0, 0, 0, 0, 0, 0, 0, 0, '', 0, ''),
(1354, 95, '北川老县城解禁', 'http://www.baidu.com/s?wd=北川老县城解禁&tn=haokan123', 100, 0, 0, 0, 0, 0, 0, 0, 0, 0, 0, '', 0, ''),
(1363, 67, '游龙戏凤', 'http://video.baidu.com/v?word=游龙戏凤&ct=301989888&rn=20&pn=0&db=0&s=0&ty=10', 100, 0, 0, 0, 0, 0, 0, 0, 0, 0, 0, '', 0, ''),
(1421, 94, '国足惨败', 'http://www.baidu.com/s?tn=6885_pg&wd=国足惨败', 4, 0, 0, 0, 0, 0, 0, 0, 0, 1243785600, 1243785600, '', 0, ''),
(1365, 41, '3D麻将连连看', 'http://www.4399.com/flash/4467.htm', 100, 0, 0, 0, 0, 0, 0, 0, 0, 0, 0, '', 0, ''),
(1357, 73, '经批准方可怀孕', 'http://www.baidu.com/s?tn=haokan123&wd=经批准方可怀孕', 4, 0, 0, 0, 0, 0, 0, 0, 0, 0, 0, '', 0, ''),
(1366, 41, '麻将塔', 'http://www.4399.com/flash/10237.htm', 100, 0, 0, 0, 0, 0, 0, 0, 0, 0, 0, '', 0, ''),
(1367, 41, '无敌连连看', 'http://www.4399.com/flash/7828.htm', 100, 0, 0, 0, 0, 0, 0, 0, 0, 0, 0, '', 0, ''),
(1368, 41, '道具连连看', 'http://www.4399.com/flash/7771.htm', 100, 0, 0, 0, 0, 0, 0, 0, 0, 0, 0, '', 0, ''),
(1369, 41, '卡通连连看', 'http://www.4399.com/flash/4416.htm', 100, 0, 0, 0, 0, 0, 0, 0, 0, 0, 0, '', 0, ''),
(1370, 41, '巧克力连连看', 'http://www.4399.com/flash/8956.htm', 100, 0, 0, 0, 0, 0, 0, 0, 0, 0, 0, '', 0, ''),
(1373, 53, '小超级玛丽', 'http://www.4399.com/flash/8920.htm', 100, 0, 0, 0, 0, 0, 0, 0, 0, 0, 0, '', 0, ''),
(1374, 53, '超级小鸡', 'http://www.4399.com/flash/8764.htm', 100, 0, 0, 0, 0, 0, 0, 0, 0, 0, 0, '', 0, ''),
(1375, 53, '超级玛丽完美版', 'http://www.4399.com/flash/8762.htm', 100, 0, 0, 0, 0, 0, 0, 0, 0, 0, 0, '', 0, ''),
(1376, 53, '超级玛里奥', 'http://www.4399.com/flash/1651.htm', 100, 0, 0, 0, 0, 0, 0, 0, 0, 0, 0, '', 0, ''),
(1377, 53, '玛丽之限时取水', 'http://www.4399.com/flash/4794.htm', 100, 0, 0, 0, 0, 0, 0, 0, 0, 0, 0, '', 0, ''),
(1378, 53, '格斗马里奥', 'http://www.4399.com/flash/9739.htm', 100, 0, 0, 0, 0, 1, 0, 0, 0, 0, 0, '', 0, ''),
(1379, 53, '精美超级玛里奥', 'http://www.4399.com/flash/3822.htm', 100, 0, 0, 0, 0, 0, 0, 0, 0, 0, 0, '', 0, ''),
(1380, 51, '太阳神祖玛登陆', 'http://www.4399.com/flash/2087.htm', 100, 0, 0, 0, 0, 0, 0, 0, 0, 0, 0, '', 0, ''),
(1381, 51, '达达祖玛', 'http://www.4399.com/flash/9144.htm', 100, 0, 0, 0, 0, 0, 0, 0, 0, 0, 0, '', 0, '');
INSERT INTO `ylmf_zhuantisite` (`id`, `class`, `name`, `url`, `displayorder`, `inindex`, `day`, `week`, `month`, `total`, `indexdisplayorder`, `yesterday`, `byesterday`, `starttime`, `endtime`, `remark`, `end`, `namecolor`) VALUES
(1382, 51, '祖玛泡泡龙', 'http://www.4399.com/flash/8833.htm', 100, 0, 0, 0, 0, 0, 0, 0, 0, 0, 0, '', 0, ''),
(1383, 51, '埃及祖玛 ', 'http://www.xiazaiba.com/html/844.html', 100, 0, 0, 0, 0, 0, 0, 0, 0, 0, 0, '', 0, ''),
(1384, 51, '马戏团祖玛', 'http://www.4399.com/flash/8063.htm', 100, 0, 0, 0, 0, 0, 0, 0, 0, 0, 0, '', 0, ''),
(1385, 51, '另类祖玛', 'http://www.4399.com/flash/7089.htm', 100, 0, 0, 0, 0, 0, 0, 0, 0, 0, 0, '', 0, ''),
(1386, 51, '盘蛇祖玛', 'http://www.4399.com/flash/3791.htm', 100, 0, 0, 0, 0, 0, 0, 0, 0, 0, 0, '', 0, ''),
(1387, 51, 'PP泡泡龙', 'http://www.4399.com/flash/1937.htm', 100, 0, 0, 0, 0, 0, 0, 0, 0, 0, 0, '', 0, ''),
(1388, 51, '宝石泡泡龙', 'http://www.4399.com/flash/2966.htm', 100, 0, 0, 0, 0, 0, 0, 0, 0, 0, 0, '', 0, ''),
(1389, 51, '百合泡泡龙', 'http://www.4399.com/flash/8260.htm', 100, 0, 0, 0, 0, 0, 0, 0, 0, 0, 0, '', 0, ''),
(1390, 51, '九头怪泡泡龙', 'http://www.4399.com/flash/5029.htm', 100, 0, 0, 0, 0, 0, 0, 0, 0, 0, 0, '', 0, ''),
(1391, 46, '给客人做饭', 'http://www.4399.com/flash/6354.htm', 100, 0, 0, 0, 0, 0, 0, 0, 0, 0, 0, '', 0, ''),
(1392, 46, '经营大排挡', 'http://www.4399.com/flash/3605.htm', 100, 0, 0, 0, 0, 0, 0, 0, 0, 0, 0, '', 0, ''),
(1393, 46, '家里做烤肉', 'http://www.4399.com/flash/5870.htm', 100, 0, 0, 0, 0, 0, 0, 0, 0, 0, 0, '', 0, ''),
(1394, 46, '开家茶餐厅', 'http://www.4399.com/flash/1639.htm', 100, 0, 0, 0, 0, 0, 0, 0, 0, 0, 0, '', 0, ''),
(1395, 46, '日本寿司料理', 'http://www.4399.com/flash/9128.htm', 100, 0, 0, 0, 0, 0, 0, 0, 0, 0, 0, '', 0, ''),
(1396, 46, '学做火锅料理', 'http://www.4399.com/flash/8980.htm', 100, 0, 0, 0, 0, 0, 0, 0, 0, 0, 0, '', 0, ''),
(1397, 46, '夹肉卷饼店', 'http://www.4399.com/flash/9137.htm', 100, 0, 0, 0, 0, 0, 0, 0, 0, 0, 0, '', 0, ''),
(1398, 46, '烧烤王子', 'http://www.4399.com/flash/9136.htm', 100, 0, 0, 0, 0, 0, 0, 0, 0, 0, 0, '', 0, ''),
(1399, 46, '美味鲜鱼寿司', 'http://www.4399.com/flash/8984.htm', 100, 0, 0, 0, 0, 0, 0, 0, 0, 0, 0, '', 0, ''),
(1400, 46, '食神小当家', 'http://www.4399.com/flash/8522.htm', 100, 0, 0, 0, 0, 0, 0, 0, 0, 0, 0, '', 0, ''),
(1401, 46, 'SUE做韩国料理', 'http://www.4399.com/flash/9712.htm', 100, 0, 0, 0, 0, 0, 0, 0, 0, 0, 0, '', 0, ''),
(1402, 46, '挑战美味烧烤', 'http://www.4399.com/flash/4573.htm', 100, 0, 0, 0, 0, 0, 0, 0, 0, 0, 0, '', 0, ''),
(1403, 46, 'Panny汉堡店', 'http://www.4399.com/flash/5881.htm', 100, 0, 0, 0, 0, 0, 0, 0, 0, 0, 0, '', 0, ''),
(1405, 45, '可爱树精灵', 'http://www.4399.com/flash/3958.htm', 100, 0, 0, 0, 0, 1, 0, 0, 0, 0, 0, '', 0, ''),
(1406, 45, '海洋公主妮娜', 'http://www.4399.com/flash/9509.htm', 100, 0, 0, 0, 0, 1, 0, 0, 0, 0, 0, '', 0, ''),
(1407, 45, '情定大饭店', 'http://www.4399.com/flash/4258.htm', 100, 0, 0, 0, 0, 0, 0, 0, 0, 0, 0, '', 0, ''),
(1408, 45, '动感美少女', 'http://www.4399.com/flash/9677.htm', 100, 0, 0, 0, 0, 0, 0, 0, 0, 0, 0, '', 0, ''),
(1409, 45, '幸福婚礼', 'http://www.4399.com/flash/9656.htm', 100, 0, 0, 0, 0, 2, 0, 0, 0, 0, 0, '', 0, ''),
(1410, 45, '蓝色妖姬', 'http://www.4399.com/flash/7941.htm', 100, 0, 0, 0, 0, 1, 0, 0, 0, 0, 0, '', 0, ''),
(1411, 45, '秋季时尚装', 'http://www.4399.com/flash/8090.htm', 100, 0, 0, 0, 0, 0, 0, 0, 0, 0, 0, '', 0, ''),
(1412, 45, '学校小情侣', 'http://www.4399.com/flash/10168.htm', 100, 0, 0, 0, 0, 0, 0, 0, 0, 0, 0, '', 0, ''),
(1413, 45, '帮大头妹赢王国', 'http://www.4399.com/flash/10028.htm', 100, 0, 0, 0, 0, 0, 0, 0, 0, 0, 0, '', 0, ''),
(1414, 45, '女海盗换装', 'http://www.4399.com/flash/9996.htm', 100, 0, 0, 0, 0, 0, 0, 0, 0, 0, 0, '', 0, ''),
(1415, 45, '阿SUE去约会', 'http://www.4399.com/flash/9688.htm', 100, 0, 0, 0, 0, 0, 0, 0, 0, 0, 0, '', 0, ''),
(1416, 45, '清纯学生妹', 'http://www.4399.com/flash/9482.htm', 100, 0, 0, 0, 0, 1, 0, 0, 0, 0, 0, '', 0, ''),
(1417, 45, 'DIY彩甲坊', 'http://www.4399.com/flash/9195.htm', 100, 0, 0, 0, 0, 0, 0, 0, 0, 0, 0, '', 0, ''),
(1418, 45, '天使之翼', 'http://www.4399.com/flash/9034.htm', 100, 0, 0, 0, 0, 1, 0, 0, 0, 0, 0, '', 0, ''),
(1419, 45, '美丽心情', 'http://www.4399.com/flash/8646.htm', 100, 0, 0, 0, 0, 1, 0, 0, 0, 0, 0, '', 0, ''),
(1420, 45, '夏夜精灵', 'http://www.4399.com/flash/8650.htm', 100, 0, 0, 0, 0, 0, 0, 0, 0, 0, 0, '', 0, ''),
(1426, 94, '热卖商城', 'http://goldlink.all4ad.cn/TaoBaoJump.aspx?uid=25828&lid=140', 0, 0, 0, 0, 0, 0, 0, 0, 0, 0, 0, '', 0, ''),
(1425, 4, '迅雷地址转换器', 'http://tool.114la.com/urlconvert.html', 29, 0, 0, 0, 0, 0, 0, 0, 0, 0, 0, '', 0, ''),
(2855, 10, '实时汇率转换', 'http://116.com/s?q=100美元', 100, 0, 0, 0, 0, 0, 0, 0, 0, 0, 0, '', 0, ''),
(2858, 9, '116搜索', 'http://116.com', 2, 0, 0, 0, 0, 0, 0, 0, 0, 0, 0, '', 0, ''),
(2850, 10, '快递智能查询', 'http://116.com/s?q=快递', 1, 0, 0, 0, 0, 0, 0, 0, 0, 0, 0, '', 0, ''),
(1430, 102, '澳门大学', 'http://www.umac.mo/', 100, 1, 0, 0, 0, 0, 0, 0, 0, 0, 0, '', 0, ''),
(1431, 102, '澳门日报', 'http://www.macaodaily.com/', 100, 1, 0, 0, 0, 0, 0, 0, 0, 0, 0, '', 0, ''),
(1432, 102, '澳门城市指南', 'http://gb.cityguide.gov.mo/', 100, 1, 0, 0, 0, 0, 0, 0, 0, 0, 0, '', 0, ''),
(1433, 102, '澳门气象', 'http://www.smg.gov.mo/', 100, 1, 0, 0, 0, 0, 0, 0, 0, 0, 0, '', 0, ''),
(1434, 102, '澳门华侨报', 'http://www.vakiodaily.com/', 100, 1, 0, 0, 0, 0, 0, 0, 0, 0, 0, '', 0, ''),
(1435, 102, '澳门互联', 'http://www.qoos.com/', 100, 1, 0, 0, 0, 0, 0, 0, 0, 0, 0, '', 0, ''),
(1436, 102, '澳门旅游网', 'http://www.macautvl.com/', 100, 1, 0, 0, 0, 0, 0, 0, 0, 0, 0, '', 0, ''),
(1437, 102, '澳门航空', 'http://www.airmacau.com.mo/', 100, 1, 0, 0, 0, 0, 0, 0, 0, 0, 0, '', 0, ''),
(1438, 102, '澳门中国旅行社', 'http://www.ctsmacau.com/', 100, 1, 0, 0, 0, 0, 0, 0, 0, 0, 0, '', 0, ''),
(1439, 102, '澳门街资讯网', 'http://www.macaustreet.com/', 100, 1, 0, 0, 0, 0, 0, 0, 0, 0, 0, '', 0, ''),
(1440, 102, '澳门卫星地图', 'http://maps.google.com/maps?f=q&hl=zh-CN&q=macau&ie=gbk&ll=22.198849,113.544044&spn=0.215519,0.42057&t=h&om=1', 100, 1, 0, 0, 0, 0, 0, 0, 0, 0, 0, '', 0, ''),
(1441, 102, '澳门理工学院', 'http://www.ipm.edu.mo/', 100, 1, 0, 0, 0, 0, 0, 0, 0, 0, 0, '', 0, ''),
(1442, 102, '澳门科技大学', 'http://www.must.edu.mo/', 100, 1, 0, 0, 0, 0, 0, 0, 0, 0, 0, '', 0, ''),
(1443, 102, '亚洲国际公开大学', 'http://www.aiou.edu/', 100, 1, 0, 0, 0, 0, 0, 0, 0, 0, 0, '', 0, ''),
(1444, 102, '澳门中央图书馆', 'http://www.library.gov.mo/', 100, 1, 0, 0, 0, 0, 0, 0, 0, 0, 0, '', 0, ''),
(1445, 102, '澳门特别行政区政府', 'http://www.gov.mo/', 100, 1, 0, 0, 0, 0, 0, 0, 0, 0, 0, '', 0, ''),
(1446, 102, '澳门文化中心', 'http://www.ccm.gov.mo/', 100, 1, 0, 0, 0, 0, 0, 0, 0, 0, 0, '', 0, ''),
(1447, 102, '澳门海关', 'http://www.customs.gov.mo/', 100, 1, 0, 0, 0, 0, 0, 0, 0, 0, 0, '', 0, ''),
(1448, 102, '澳门法务局', 'http://www.dsaj.gov.mo/', 100, 1, 0, 0, 0, 0, 0, 0, 0, 0, 0, '', 0, ''),
(1449, 102, '澳门卫生局', 'http://www.ssm.gov.mo/', 100, 1, 0, 0, 0, 0, 0, 0, 0, 0, 0, '', 0, ''),
(1450, 102, '澳门国际银行', 'http://www.lusobank.com.mo/', 100, 1, 0, 0, 0, 0, 0, 0, 0, 0, 0, '', 0, ''),
(1451, 102, '澳门黄页', 'http://www.yp.com.mo/', 100, 1, 0, 0, 0, 0, 0, 0, 0, 0, 0, '', 0, ''),
(1452, 102, '澳门彩票公司', 'http://www.macauslot.com/', 100, 1, 0, 0, 0, 0, 0, 0, 0, 0, 0, '', 0, ''),
(1453, 102, '澳门赛马会', 'http://www.macauhorse.com/', 100, 1, 0, 0, 0, 0, 0, 0, 0, 0, 0, '', 0, ''),
(1454, 102, '极动感', 'http://www.cyberctm.com/', 100, 1, 0, 0, 0, 0, 0, 0, 0, 0, 0, '', 0, ''),
(2861, 4, 'IP地址查询 ', 'http://tool.114la.com/?ct=live&ac=ip', 100, 0, 0, 0, 0, 0, 0, 0, 0, 0, 0, '', 0, ''),
(2853, 10, '手机归属', 'http://116.com/s?q=13800138000', 5, 0, 0, 0, 0, 0, 0, 0, 0, 0, 0, '', 0, ''),
(2852, 10, '成语解释', 'http://116.com/s?q=天下无双', 3, 0, 0, 0, 0, 0, 0, 0, 0, 0, 0, '', 0, ''),
(2851, 10, '明天天气', 'http://116.com/s?q=明天天气', 2, 0, 0, 0, 0, 0, 0, 0, 0, 0, 0, '', 0, ''),
(2857, 8, '风雨同行 众木成林', 'http://www.ylmf.com/', 1, 0, 0, 0, 0, 0, 0, 0, 0, 0, 0, '', 0, ''),
(2872, 114, 'CSS 教程', 'http://www.w3school.com.cn/css/', 1, 0, 0, 0, 0, 0, 0, 0, 0, 0, 0, '', 0, ''),
(2873, 115, 'PHP教程', 'http://www.w3school.com.cn/php/', 1, 0, 0, 0, 0, 0, 0, 0, 0, 0, 0, '', 0, ''),
(2874, 116, 'Alexa网站排名查询', 'http://tool.114la.com/alexa/', 1, 0, 0, 0, 0, 0, 0, 0, 0, 0, 0, '', 0, '');
